Date,GBP,EUR,YENN,BTC
22/01/2018,6.46%,7.42%,6.25%,125.42%
23/01/2018,6.58%,7.41%,6.38%,125.10%
24/01/2018,6.56%,7.48%,6.78%,114.73%
25/01/2018,7.73%,7.57%,7.06%,114.76%
26/01/2018,8.20%,7.58%,7.26%,112.34%
29/01/2018,8.25%,7.57%,7.79%,112.51%
30/01/2018,8.57%,7.71%,7.94%,115.99%
31/01/2018,8.62%,7.71%,7.89%,109.80%
01/02/2018,8.50%,7.65%,8.08%,113.39%
02/02/2018,7.98%,7.61%,8.00%,112.00%
05/02/2018,9.25%,7.90%,8.31%,122.69%
06/02/2018,10.43%,8.24%,8.53%,128.35%
07/02/2018,10.41%,7.86%,8.81%,128.42%
08/02/2018,10.60%,8.54%,8.83%,132.87%
09/02/2018,10.60%,8.56%,8.21%,132.37%
12/02/2018,11.06%,8.30%,8.31%,131.33%
13/02/2018,10.01%,7.28%,8.31%,131.40%
14/02/2018,9.91%,7.10%,8.63%,123.87%
15/02/2018,10.38%,7.73%,9.27%,126.52%
16/02/2018,10.55%,7.20%,8.47%,126.13%
19/02/2018,10.66%,7.69%,8.56%,130.54%
20/02/2018,10.71%,7.71%,8.82%,128.90%
21/02/2018,10.46%,7.95%,9.14%,130.94%
22/02/2018,10.67%,7.96%,8.91%,131.75%
23/02/2018,9.33%,7.72%,8.89%,132.30%
26/02/2018,9.23%,7.78%,8.83%,132.34%
27/02/2018,9.23%,7.76%,8.26%,132.90%
28/02/2018,9.18%,8.00%,8.30%,127.41%
01/03/2018,9.57%,7.98%,8.61%,128.58%
02/03/2018,9.49%,8.37%,8.48%,121.99%
05/03/2018,9.29%,8.02%,8.52%,121.29%
06/03/2018,8.83%,7.90%,8.62%,86.33%
07/03/2018,7.97%,7.93%,8.45%,86.69%
08/03/2018,7.96%,7.93%,8.59%,89.62%
09/03/2018,8.11%,7.86%,8.62%,85.90%
12/03/2018,8.09%,7.86%,8.65%,84.20%
13/03/2018,7.72%,7.89%,8.75%,83.93%
14/03/2018,7.85%,7.90%,8.83%,90.99%
15/03/2018,7.82%,7.80%,8.44%,83.33%
16/03/2018,7.15%,7.28%,7.59%,78.93%
19/03/2018,6.75%,7.19%,7.51%,80.22%
20/03/2018,6.88%,7.01%,7.50%,73.10%
21/03/2018,6.83%,7.37%,7.51%,72.62%
22/03/2018,7.66%,7.72%,7.33%,70.18%
23/03/2018,7.30%,7.59%,7.83%,67.60%
26/03/2018,7.27%,7.52%,7.55%,70.82%
27/03/2018,7.54%,7.93%,7.85%,71.59%
28/03/2018,7.76%,8.07%,7.85%,70.32%
29/03/2018,8.00%,8.18%,8.99%,76.82%
30/03/2018,7.01%,8.09%,8.69%,72.80%
02/04/2018,7.01%,7.79%,8.56%,73.90%
03/04/2018,7.00%,7.71%,8.49%,74.86%
04/04/2018,6.91%,7.69%,8.44%,76.10%
05/04/2018,6.84%,7.30%,8.12%,73.35%
06/04/2018,7.18%,7.35%,7.90%,71.91%
09/04/2018,6.86%,6.76%,7.89%,72.96%
10/04/2018,6.85%,6.92%,7.76%,73.46%
11/04/2018,6.82%,6.96%,7.55%,74.26%
12/04/2018,6.69%,6.80%,7.58%,80.54%
13/04/2018,6.74%,6.88%,7.57%,80.52%
16/04/2018,6.64%,6.62%,7.59%,80.88%
17/04/2018,6.91%,6.71%,7.67%,80.00%
18/04/2018,6.88%,6.55%,7.67%,80.02%
19/04/2018,7.30%,6.03%,7.59%,80.30%
20/04/2018,7.10%,5.50%,7.33%,83.29%
23/04/2018,7.36%,5.83%,6.48%,83.14%
24/04/2018,7.42%,6.01%,6.85%,82.61%
25/04/2018,7.17%,5.22%,6.67%,87.69%
26/04/2018,7.14%,5.38%,6.77%,88.86%
27/04/2018,6.81%,5.00%,5.57%,80.55%
30/04/2018,7.61%,5.04%,5.46%,78.64%
01/05/2018,7.60%,5.09%,5.38%,79.02%
02/05/2018,8.47%,5.57%,5.02%,77.73%
03/05/2018,8.40%,5.62%,4.84%,71.00%
04/05/2018,8.35%,5.80%,5.56%,70.93%
07/05/2018,8.24%,5.80%,5.53%,71.62%
08/05/2018,7.95%,5.71%,5.58%,72.41%
09/05/2018,7.73%,5.53%,5.48%,72.41%
10/05/2018,7.53%,5.21%,5.88%,74.07%
11/05/2018,7.47%,5.83%,5.98%,67.26%
14/05/2018,7.36%,6.01%,5.95%,67.98%
15/05/2018,7.37%,5.98%,5.99%,68.43%
16/05/2018,6.63%,6.16%,5.85%,68.32%
17/05/2018,6.99%,6.18%,5.82%,68.51%
18/05/2018,6.84%,6.10%,5.88%,68.62%
21/05/2018,6.50%,6.10%,5.88%,64.98%
22/05/2018,6.36%,6.14%,5.81%,66.52%
23/05/2018,6.35%,6.04%,5.37%,61.23%
24/05/2018,6.10%,6.06%,6.14%,54.01%
25/05/2018,6.15%,6.01%,6.18%,50.14%
28/05/2018,6.28%,5.90%,6.26%,51.21%
29/05/2018,5.50%,5.94%,6.27%,53.30%
30/05/2018,5.56%,6.23%,6.99%,53.29%
31/05/2018,4.36%,7.44%,6.83%,53.24%
01/06/2018,4.36%,7.49%,6.83%,48.44%
04/06/2018,4.84%,7.34%,7.01%,48.46%
05/06/2018,4.84%,7.44%,7.09%,48.67%
06/06/2018,5.36%,7.52%,7.06%,48.82%
07/06/2018,5.38%,7.58%,7.10%,48.56%
08/06/2018,5.39%,7.57%,6.77%,47.93%
11/06/2018,5.37%,7.24%,6.68%,53.52%
12/06/2018,5.35%,7.13%,7.30%,52.87%
13/06/2018,5.33%,7.14%,7.21%,53.33%
14/06/2018,5.16%,6.69%,7.03%,57.72%
15/06/2018,5.82%,9.78%,7.14%,57.71%
18/06/2018,5.86%,9.85%,6.98%,59.73%
19/06/2018,5.82%,9.92%,7.13%,59.01%
20/06/2018,6.08%,9.92%,7.12%,57.68%
21/06/2018,6.07%,9.92%,7.15%,54.25%
22/06/2018,6.25%,9.74%,6.73%,63.35%
25/06/2018,6.26%,9.89%,6.47%,64.63%
26/06/2018,5.99%,9.93%,6.47%,63.42%
27/06/2018,6.16%,9.88%,6.58%,60.76%
28/06/2018,6.50%,9.87%,5.61%,61.82%
29/06/2018,6.50%,9.03%,5.59%,65.14%
02/07/2018,7.51%,9.69%,5.60%,69.46%
03/07/2018,7.40%,9.73%,5.01%,69.49%
04/07/2018,7.52%,9.69%,5.16%,69.29%
05/07/2018,7.15%,9.65%,5.15%,69.37%
06/07/2018,7.13%,9.53%,5.10%,69.41%
09/07/2018,7.44%,9.69%,4.91%,69.65%
10/07/2018,7.50%,9.69%,5.05%,64.54%
11/07/2018,7.45%,9.72%,4.17%,62.66%
12/07/2018,7.53%,9.80%,5.41%,62.08%
13/07/2018,7.53%,9.61%,5.66%,59.28%
16/07/2018,6.96%,6.26%,5.69%,64.42%
17/07/2018,6.94%,6.26%,5.69%,68.93%
18/07/2018,7.72%,6.45%,5.62%,68.94%
19/07/2018,7.44%,6.31%,5.70%,68.99%
20/07/2018,7.56%,6.30%,5.92%,69.23%
23/07/2018,8.07%,6.74%,7.22%,59.18%
24/07/2018,8.12%,6.74%,7.30%,64.80%
25/07/2018,8.24%,6.63%,7.26%,65.13%
26/07/2018,8.22%,6.60%,7.29%,66.77%
27/07/2018,8.14%,6.69%,7.33%,63.92%
30/07/2018,8.05%,6.70%,7.33%,62.65%
31/07/2018,7.22%,5.91%,7.30%,63.68%
01/08/2018,7.04%,5.82%,7.71%,64.03%
02/08/2018,6.90%,5.85%,7.57%,64.22%
03/08/2018,7.34%,6.32%,7.57%,64.77%
06/08/2018,7.34%,6.24%,7.73%,69.47%
07/08/2018,7.08%,5.93%,7.71%,70.21%
08/08/2018,7.06%,6.13%,7.54%,70.86%
09/08/2018,7.17%,6.11%,7.68%,72.20%
10/08/2018,7.19%,6.45%,6.79%,74.74%
13/08/2018,7.33%,7.43%,6.45%,75.01%
14/08/2018,7.12%,7.42%,6.44%,69.68%
15/08/2018,7.09%,7.40%,6.77%,62.83%
16/08/2018,6.47%,7.32%,6.64%,62.76%
17/08/2018,6.56%,7.42%,6.85%,64.36%
20/08/2018,6.60%,7.78%,6.91%,65.52%
21/08/2018,5.78%,7.47%,5.86%,63.81%
22/08/2018,6.52%,7.92%,5.73%,53.27%
23/08/2018,6.32%,7.93%,5.92%,54.48%
24/08/2018,6.47%,7.80%,6.31%,55.65%
27/08/2018,6.40%,8.04%,6.25%,55.48%
28/08/2018,6.52%,8.09%,6.23%,56.97%
29/08/2018,6.47%,7.97%,6.23%,54.75%
30/08/2018,8.08%,7.97%,5.93%,54.50%
31/08/2018,8.09%,8.06%,6.30%,54.66%
03/09/2018,7.93%,7.92%,6.32%,55.66%
04/09/2018,8.03%,7.89%,6.17%,50.39%
05/09/2018,7.90%,7.94%,6.27%,57.16%
06/09/2018,8.07%,7.96%,6.27%,53.53%
07/09/2018,7.87%,7.98%,6.82%,51.71%
10/09/2018,7.71%,7.73%,6.93%,47.68%
11/09/2018,7.78%,6.56%,6.80%,47.28%
12/09/2018,7.80%,6.57%,6.93%,46.95%
13/09/2018,7.64%,6.25%,6.82%,47.40%
14/09/2018,7.66%,6.39%,6.87%,47.40%
17/09/2018,7.82%,6.80%,6.78%,47.12%
18/09/2018,7.94%,6.64%,6.59%,45.10%
19/09/2018,7.87%,6.50%,6.49%,43.99%
20/09/2018,7.58%,6.05%,6.49%,44.04%
21/09/2018,8.18%,6.69%,6.39%,44.66%
24/09/2018,9.41%,6.59%,5.98%,44.21%
25/09/2018,9.37%,5.86%,6.00%,43.85%
26/09/2018,9.45%,5.79%,5.96%,42.35%
27/09/2018,9.39%,5.82%,6.06%,43.74%
28/09/2018,8.75%,6.69%,6.14%,43.67%
01/10/2018,8.79%,6.63%,5.66%,43.53%
02/10/2018,8.43%,6.41%,5.66%,41.71%
03/10/2018,8.47%,6.43%,5.84%,41.15%
04/10/2018,8.55%,6.75%,6.27%,31.32%
05/10/2018,8.71%,6.71%,6.64%,28.19%
08/10/2018,9.08%,6.71%,5.75%,27.97%
09/10/2018,9.16%,6.53%,6.13%,26.74%
10/10/2018,8.96%,6.45%,6.15%,26.99%
11/10/2018,9.01%,6.51%,6.73%,32.64%
12/10/2018,9.01%,6.68%,6.60%,31.24%
15/10/2018,9.57%,6.45%,6.14%,36.04%
16/10/2018,9.60%,6.30%,6.24%,33.48%
17/10/2018,9.44%,6.16%,6.37%,33.36%
18/10/2018,9.68%,6.48%,6.17%,33.58%
19/10/2018,9.88%,6.55%,6.33%,32.93%
22/10/2018,9.26%,5.90%,6.37%,30.74%
23/10/2018,8.23%,5.96%,6.43%,29.94%
24/10/2018,8.17%,5.96%,6.45%,28.87%
25/10/2018,8.25%,6.19%,6.54%,28.77%
26/10/2018,8.35%,6.19%,6.60%,26.95%
29/10/2018,8.09%,5.56%,6.35%,27.88%
30/10/2018,8.07%,5.54%,6.34%,27.80%
31/10/2018,8.35%,5.55%,6.77%,27.78%
01/11/2018,8.50%,5.56%,6.71%,27.94%
02/11/2018,10.68%,5.92%,6.00%,27.60%
05/11/2018,10.44%,5.75%,5.97%,27.53%
06/11/2018,10.15%,5.78%,5.97%,27.59%
07/11/2018,10.23%,5.80%,5.66%,27.91%
08/11/2018,10.09%,5.78%,5.67%,28.04%
09/11/2018,10.11%,5.99%,4.91%,21.65%
12/11/2018,10.56%,5.72%,4.94%,21.67%
13/11/2018,10.25%,6.17%,4.99%,12.15%
14/11/2018,11.09%,6.67%,4.80%,37.02%
15/11/2018,11.04%,6.68%,4.70%,37.15%
16/11/2018,12.29%,6.42%,4.64%,37.19%
19/11/2018,12.35%,6.98%,5.16%,57.73%
20/11/2018,12.31%,6.93%,5.16%,63.12%
21/11/2018,12.18%,7.26%,5.16%,65.37%
22/11/2018,12.16%,7.28%,5.14%,66.14%
23/11/2018,12.26%,6.95%,4.93%,66.10%
26/11/2018,12.26%,7.21%,4.85%,77.81%
27/11/2018,12.26%,7.17%,4.88%,78.83%
28/11/2018,12.38%,7.21%,4.80%,90.97%
29/11/2018,12.29%,7.49%,4.37%,91.18%
30/11/2018,12.24%,7.46%,4.34%,91.83%
03/12/2018,10.33%,7.13%,4.41%,91.46%
04/12/2018,10.33%,7.15%,4.29%,91.98%
05/12/2018,10.17%,7.13%,5.10%,91.87%
06/12/2018,10.01%,7.08%,5.22%,91.78%
07/12/2018,10.14%,7.14%,5.28%,91.55%
10/12/2018,10.13%,6.90%,5.10%,93.25%
11/12/2018,10.47%,6.90%,5.59%,92.79%
12/12/2018,10.43%,6.33%,5.62%,93.79%
13/12/2018,10.23%,6.07%,5.61%,90.28%
14/12/2018,10.30%,6.08%,5.65%,90.22%
17/12/2018,8.72%,6.34%,5.67%,98.72%
18/12/2018,8.53%,5.84%,5.34%,91.86%
19/12/2018,8.58%,5.75%,5.35%,87.84%
20/12/2018,8.42%,5.19%,5.30%,94.42%
21/12/2018,8.53%,5.55%,6.40%,94.86%
24/12/2018,8.01%,6.13%,6.40%,96.50%
25/12/2018,8.10%,5.85%,6.71%,86.17%
26/12/2018,8.11%,5.85%,6.36%,86.17%
27/12/2018,7.98%,6.00%,6.92%,78.59%
28/12/2018,7.61%,6.00%,6.96%,83.09%
31/12/2018,7.70%,5.96%,7.07%,81.85%
01/01/2019,7.77%,5.90%,7.08%,81.83%
02/01/2019,7.74%,6.01%,7.12%,82.14%
03/01/2019,10.05%,7.52%,9.47%,80.56%
04/01/2019,10.55%,7.85%,9.49%,77.01%
07/01/2019,10.88%,7.83%,9.96%,77.08%
08/01/2019,10.85%,8.07%,10.01%,76.88%
09/01/2019,9.92%,7.97%,9.69%,76.18%
10/01/2019,9.76%,8.35%,9.66%,83.57%
11/01/2019,9.22%,8.41%,9.72%,81.28%
14/01/2019,9.53%,8.57%,9.67%,80.69%
15/01/2019,9.26%,8.34%,9.66%,75.23%
16/01/2019,9.26%,8.47%,9.81%,73.83%
17/01/2019,9.23%,8.46%,9.98%,73.71%
18/01/2019,9.44%,8.45%,10.02%,64.20%
21/01/2019,10.20%,8.21%,9.58%,61.56%
22/01/2019,10.19%,7.81%,9.58%,59.06%
23/01/2019,10.20%,7.75%,9.36%,54.77%
24/01/2019,10.57%,7.78%,9.37%,54.60%
25/01/2019,10.45%,7.94%,8.97%,51.40%
28/01/2019,10.56%,8.25%,8.93%,45.67%
29/01/2019,10.72%,8.26%,8.81%,43.12%
30/01/2019,11.03%,8.09%,8.56%,42.06%
31/01/2019,11.04%,8.20%,8.67%,40.60%
01/02/2019,8.45%,6.92%,4.64%,40.15%
04/02/2019,8.27%,6.58%,4.84%,40.00%
05/02/2019,8.08%,6.59%,4.60%,36.20%
06/02/2019,8.33%,6.27%,4.60%,36.16%
07/02/2019,8.23%,6.36%,4.59%,36.04%
08/02/2019,8.09%,5.49%,4.17%,33.47%
11/02/2019,7.97%,5.38%,4.17%,33.50%
12/02/2019,7.86%,5.35%,4.47%,33.45%
13/02/2019,7.86%,5.68%,4.35%,32.73%
14/02/2019,7.92%,5.81%,4.36%,32.66%
15/02/2019,8.06%,5.91%,4.51%,32.57%
18/02/2019,8.16%,5.92%,4.51%,42.46%
19/02/2019,7.35%,5.90%,4.27%,41.43%
20/02/2019,8.13%,5.98%,4.27%,41.52%
21/02/2019,7.98%,5.98%,4.12%,41.76%
22/02/2019,7.24%,5.93%,4.13%,41.86%
25/02/2019,7.19%,5.45%,4.13%,43.68%
26/02/2019,6.99%,4.54%,4.09%,41.41%
27/02/2019,7.71%,4.59%,4.41%,41.26%
28/02/2019,7.47%,4.59%,4.47%,41.23%
01/03/2019,7.62%,4.25%,4.33%,40.98%
04/03/2019,7.66%,4.13%,4.47%,42.33%
05/03/2019,7.80%,4.25%,4.31%,43.46%
06/03/2019,7.71%,4.30%,4.09%,43.46%
07/03/2019,7.39%,4.27%,4.20%,42.82%
08/03/2019,7.81%,5.36%,4.21%,42.77%
11/03/2019,8.34%,5.47%,4.56%,34.61%
12/03/2019,10.76%,5.55%,4.60%,34.49%
13/03/2019,11.74%,5.46%,4.28%,34.52%
14/03/2019,12.96%,5.35%,4.30%,34.36%
15/03/2019,12.93%,4.92%,4.45%,34.29%
18/03/2019,12.75%,4.85%,4.30%,34.58%
19/03/2019,12.61%,4.87%,4.36%,22.25%
20/03/2019,12.61%,4.88%,4.36%,22.16%
21/03/2019,12.31%,5.28%,5.00%,22.40%
22/03/2019,12.48%,5.55%,4.98%,21.99%
25/03/2019,12.61%,6.07%,5.48%,22.21%
26/03/2019,12.60%,6.11%,5.47%,19.27%
27/03/2019,12.51%,6.17%,5.63%,20.70%
28/03/2019,12.10%,6.11%,5.42%,20.82%
29/03/2019,12.19%,6.13%,5.35%,20.87%
01/04/2019,12.16%,6.13%,5.24%,21.23%
02/04/2019,12.25%,6.13%,5.11%,56.76%
03/04/2019,12.28%,6.05%,5.10%,56.21%
04/04/2019,12.34%,6.19%,5.10%,56.63%
05/04/2019,12.60%,6.20%,5.12%,56.67%
08/04/2019,12.42%,5.06%,5.13%,57.80%
09/04/2019,12.11%,5.07%,4.87%,58.60%
10/04/2019,9.80%,5.02%,4.93%,58.49%
11/04/2019,8.63%,4.95%,4.94%,62.50%
12/04/2019,6.27%,4.75%,5.33%,62.49%
15/04/2019,6.33%,4.93%,5.19%,62.76%
16/04/2019,6.25%,4.91%,5.16%,63.15%
17/04/2019,6.34%,4.91%,5.12%,63.23%
18/04/2019,6.33%,4.89%,5.12%,63.17%
19/04/2019,6.22%,4.57%,4.47%,62.57%
22/04/2019,5.98%,4.38%,4.48%,62.37%
23/04/2019,5.54%,3.74%,3.68%,61.71%
24/04/2019,5.58%,3.80%,3.69%,62.85%
25/04/2019,5.60%,4.19%,3.50%,66.34%
26/04/2019,5.47%,4.17%,4.05%,66.08%
29/04/2019,5.02%,4.17%,4.04%,66.37%
30/04/2019,4.99%,4.34%,3.91%,66.42%
01/05/2019,5.67%,4.42%,3.76%,38.93%
02/05/2019,5.44%,4.44%,3.74%,38.93%
03/05/2019,5.25%,4.29%,3.73%,41.08%
06/05/2019,5.57%,4.28%,4.52%,40.87%
07/05/2019,5.64%,4.31%,4.57%,37.96%
08/05/2019,5.67%,4.14%,4.80%,37.85%
09/05/2019,5.87%,4.13%,4.74%,38.45%
10/05/2019,5.74%,4.20%,4.77%,33.29%
13/05/2019,5.64%,4.21%,4.20%,74.27%
14/05/2019,5.70%,3.94%,4.05%,73.72%
15/05/2019,5.81%,4.01%,4.55%,73.63%
16/05/2019,5.83%,3.99%,4.53%,76.42%
17/05/2019,5.93%,4.06%,4.79%,82.57%
20/05/2019,6.06%,3.65%,4.94%,85.57%
21/05/2019,6.05%,3.63%,4.94%,85.89%
23/05/2019,6.22%,3.60%,4.99%,86.31%
24/05/2019,6.32%,2.90%,5.32%,84.04%
27/05/2019,6.63%,2.92%,5.09%,88.18%
28/05/2019,6.62%,2.97%,5.11%,88.37%
29/05/2019,6.59%,2.86%,5.08%,89.10%
30/05/2019,5.60%,2.83%,5.14%,91.87%
31/05/2019,5.52%,2.81%,5.12%,91.91%
03/06/2019,5.70%,3.05%,6.12%,94.27%
04/06/2019,4.38%,3.81%,5.64%,98.31%
05/06/2019,4.64%,3.79%,5.67%,98.31%
06/06/2019,4.63%,3.86%,5.52%,98.36%
07/06/2019,4.57%,4.12%,5.55%,98.28%
10/06/2019,4.69%,4.27%,5.53%,98.21%
11/06/2019,4.70%,4.26%,5.53%,67.29%
12/06/2019,4.79%,4.26%,5.35%,67.50%
13/06/2019,4.66%,4.30%,5.01%,66.95%
14/06/2019,4.44%,4.35%,5.00%,67.87%
17/06/2019,4.80%,4.70%,4.88%,65.31%
18/06/2019,4.71%,4.69%,4.74%,60.90%
19/06/2019,4.81%,4.78%,4.75%,61.02%
20/06/2019,5.41%,4.81%,4.79%,59.85%
21/06/2019,5.30%,5.05%,5.28%,62.26%
24/06/2019,5.42%,5.61%,5.01%,66.82%
25/06/2019,5.18%,5.59%,5.02%,62.95%
26/06/2019,5.23%,5.67%,4.98%,68.78%
27/06/2019,5.19%,5.58%,5.44%,90.55%
28/06/2019,5.15%,5.42%,5.37%,93.76%
01/07/2019,5.13%,5.42%,5.83%,112.05%
02/07/2019,5.27%,5.95%,4.53%,110.38%
03/07/2019,5.37%,5.54%,4.85%,110.84%
04/07/2019,5.24%,5.55%,4.78%,114.72%
05/07/2019,5.24%,5.48%,4.78%,115.36%
08/07/2019,5.41%,5.59%,5.25%,120.07%
09/07/2019,5.33%,5.39%,5.31%,119.71%
10/07/2019,5.47%,5.39%,5.33%,120.80%
11/07/2019,5.60%,5.64%,5.67%,124.56%
12/07/2019,5.61%,5.56%,5.73%,124.81%
15/07/2019,5.82%,5.58%,6.21%,128.48%
16/07/2019,5.55%,5.21%,6.15%,136.56%
17/07/2019,6.09%,5.44%,6.24%,136.40%
18/07/2019,6.08%,5.40%,6.29%,140.03%
19/07/2019,6.33%,5.35%,6.36%,139.98%
22/07/2019,6.14%,5.19%,5.89%,138.56%
23/07/2019,6.00%,4.26%,5.89%,136.11%
24/07/2019,6.03%,4.41%,5.97%,133.46%
25/07/2019,6.18%,4.38%,5.94%,127.87%
26/07/2019,6.19%,4.37%,5.85%,117.47%
29/07/2019,6.45%,4.36%,5.86%,110.80%
30/07/2019,7.56%,4.42%,5.55%,97.30%
31/07/2019,7.58%,3.92%,5.65%,98.69%
01/08/2019,7.56%,4.62%,5.36%,91.97%
02/08/2019,7.57%,4.65%,7.07%,89.69%
05/08/2019,7.67%,4.81%,7.57%,98.29%
06/08/2019,7.63%,6.31%,7.73%,90.38%
07/08/2019,7.67%,6.41%,8.17%,91.16%
08/08/2019,7.59%,6.40%,8.10%,90.46%
09/08/2019,7.37%,6.20%,7.97%,87.19%
12/08/2019,7.88%,6.25%,7.96%,87.31%
13/08/2019,7.96%,6.22%,7.70%,83.92%
14/08/2019,7.92%,6.33%,8.87%,73.44%
15/08/2019,7.54%,6.24%,8.99%,73.55%
16/08/2019,7.58%,6.25%,9.02%,65.43%
19/08/2019,7.17%,6.15%,8.99%,67.70%
20/08/2019,7.17%,6.04%,8.89%,67.57%
21/08/2019,7.27%,6.08%,8.91%,69.15%
22/08/2019,7.26%,5.86%,8.91%,69.06%
23/08/2019,8.04%,5.86%,8.91%,69.57%
26/08/2019,8.04%,6.16%,10.01%,69.56%
27/08/2019,7.86%,6.27%,10.89%,68.57%
28/08/2019,6.67%,6.27%,10.83%,70.38%
29/08/2019,6.74%,6.24%,10.93%,68.68%
30/08/2019,6.81%,5.68%,10.98%,67.76%
02/09/2019,6.80%,6.08%,10.14%,72.96%
03/09/2019,7.26%,6.00%,9.78%,60.54%
04/09/2019,7.30%,3.86%,9.28%,59.96%
05/09/2019,8.63%,4.41%,9.07%,57.86%
06/09/2019,8.80%,4.42%,9.35%,58.02%
09/09/2019,8.91%,4.41%,9.32%,58.04%
10/09/2019,8.15%,4.46%,9.19%,56.94%
11/09/2019,8.05%,4.44%,9.19%,55.34%
12/09/2019,8.07%,4.41%,8.42%,48.24%
13/09/2019,8.07%,4.62%,8.03%,47.49%
16/09/2019,9.15%,4.63%,8.20%,47.52%
17/09/2019,9.33%,5.18%,8.22%,43.70%
18/09/2019,9.39%,5.66%,8.23%,43.52%
19/09/2019,9.48%,5.79%,8.17%,38.27%
20/09/2019,9.45%,5.82%,8.28%,38.39%
23/09/2019,9.14%,5.88%,8.38%,40.19%
24/09/2019,9.24%,5.55%,6.12%,57.28%
25/09/2019,9.19%,5.53%,5.35%,57.23%
26/09/2019,9.85%,5.84%,5.46%,57.32%
27/09/2019,9.68%,5.88%,5.40%,57.61%
30/09/2019,9.71%,5.92%,5.32%,57.48%
01/10/2019,9.66%,5.68%,5.16%,49.48%
02/10/2019,9.20%,5.77%,5.34%,48.06%
03/10/2019,9.19%,5.85%,5.59%,47.98%
04/10/2019,8.11%,5.51%,5.55%,47.88%
07/10/2019,7.84%,5.53%,4.98%,48.11%
08/10/2019,7.87%,5.53%,5.21%,48.10%
09/10/2019,7.87%,5.44%,5.14%,51.46%
10/10/2019,7.86%,5.53%,5.11%,51.27%
11/10/2019,10.10%,5.47%,5.45%,50.61%
14/10/2019,11.27%,5.31%,5.74%,50.92%
15/10/2019,10.33%,5.24%,5.57%,51.04%
16/10/2019,10.79%,4.63%,5.60%,51.05%
17/10/2019,10.74%,4.27%,5.61%,51.40%
18/10/2019,10.68%,4.32%,5.53%,51.02%
21/10/2019,10.63%,4.37%,5.41%,53.39%
22/10/2019,10.52%,4.23%,5.25%,51.98%
23/10/2019,10.81%,4.20%,5.27%,40.13%
24/10/2019,10.79%,4.17%,5.01%,40.01%
25/10/2019,10.34%,3.67%,4.77%,63.73%
28/10/2019,10.27%,3.57%,4.78%,67.32%
29/10/2019,10.11%,3.55%,4.79%,67.47%
30/10/2019,10.09%,3.14%,4.80%,68.26%
31/10/2019,10.06%,3.17%,4.66%,68.28%
01/11/2019,10.05%,3.12%,5.01%,67.88%
04/11/2019,10.09%,3.12%,4.87%,67.83%
05/11/2019,10.24%,3.44%,5.02%,68.00%
06/11/2019,10.08%,3.89%,4.98%,67.96%
07/11/2019,9.79%,3.86%,4.93%,66.76%
08/11/2019,10.17%,4.16%,4.99%,69.41%
11/11/2019,8.42%,4.10%,4.57%,68.45%
12/11/2019,7.00%,4.07%,4.29%,68.45%
13/11/2019,6.99%,4.14%,4.29%,67.96%
14/11/2019,5.78%,4.13%,4.12%,67.68%
15/11/2019,5.58%,3.92%,4.21%,68.40%
18/11/2019,5.55%,3.70%,4.26%,68.61%
19/11/2019,5.54%,3.62%,4.22%,67.80%
20/11/2019,5.22%,3.64%,4.23%,67.87%
21/11/2019,4.64%,3.58%,4.22%,65.19%
22/11/2019,4.53%,3.59%,4.20%,67.21%
25/11/2019,4.32%,3.73%,4.23%,41.40%
26/11/2019,4.46%,3.70%,4.29%,31.94%
27/11/2019,4.53%,3.67%,4.24%,35.68%
28/11/2019,4.89%,3.64%,4.31%,35.36%
29/11/2019,4.83%,3.36%,4.31%,39.18%
02/12/2019,4.72%,3.38%,3.30%,42.42%
03/12/2019,4.78%,3.95%,3.74%,41.45%
04/12/2019,4.83%,3.80%,3.65%,41.43%
05/12/2019,5.59%,3.39%,3.39%,43.32%
06/12/2019,5.58%,3.46%,3.32%,44.12%
09/12/2019,5.05%,3.39%,3.09%,41.67%
10/12/2019,5.05%,3.39%,3.09%,41.75%
11/12/2019,4.95%,3.47%,3.12%,41.38%
12/12/2019,5.12%,3.58%,3.18%,41.52%
13/12/2019,8.41%,3.83%,4.19%,41.75%
16/12/2019,9.29%,4.40%,4.04%,43.55%
17/12/2019,9.65%,4.30%,4.03%,44.90%
18/12/2019,10.59%,4.29%,4.04%,57.15%
19/12/2019,10.62%,4.46%,3.94%,56.87%
20/12/2019,10.82%,4.47%,4.00%,54.61%
23/12/2019,10.82%,4.69%,4.01%,52.68%
24/12/2019,10.79%,4.48%,4.02%,52.15%
25/12/2019,10.74%,4.47%,3.95%,52.11%
26/12/2019,10.72%,4.47%,3.94%,49.82%
27/12/2019,10.60%,4.41%,3.88%,49.84%
30/12/2019,10.82%,5.01%,3.87%,47.65%
31/12/2019,10.82%,5.03%,4.25%,43.45%
01/01/2020,11.43%,4.75%,3.98%,43.45%
02/01/2020,11.38%,4.75%,3.80%,44.56%
03/01/2020,11.36%,5.06%,3.79%,47.12%
06/01/2020,11.45%,5.04%,4.20%,50.91%
07/01/2020,11.71%,4.86%,4.46%,52.92%
08/01/2020,11.80%,5.10%,4.62%,52.64%
09/01/2020,11.80%,5.23%,5.67%,53.49%
10/01/2020,11.67%,5.05%,5.80%,54.60%
13/01/2020,8.79%,4.77%,5.12%,54.68%
14/01/2020,8.42%,4.42%,5.28%,57.01%
15/01/2020,8.34%,4.40%,5.28%,53.76%
16/01/2020,7.45%,4.44%,5.28%,46.13%
17/01/2020,7.47%,4.32%,5.35%,45.86%
20/01/2020,7.49%,4.54%,5.31%,47.97%
21/01/2020,7.48%,4.29%,5.30%,47.83%
22/01/2020,7.36%,4.29%,5.37%,47.94%
23/01/2020,7.73%,4.30%,5.41%,49.72%
24/01/2020,7.74%,4.49%,5.44%,49.54%
27/01/2020,7.90%,4.56%,5.91%,52.06%
28/01/2020,7.52%,3.63%,5.93%,53.69%
29/01/2020,7.54%,3.53%,5.69%,53.23%
30/01/2020,6.24%,3.42%,5.68%,53.13%
31/01/2020,6.58%,3.48%,5.69%,51.93%
03/02/2020,6.60%,3.86%,5.90%,50.62%
04/02/2020,8.03%,3.92%,5.62%,48.46%
05/02/2020,7.68%,3.70%,6.05%,48.10%
06/02/2020,7.60%,3.73%,5.94%,47.66%
07/02/2020,7.78%,3.58%,5.07%,46.04%
10/02/2020,7.79%,3.68%,4.98%,45.11%
11/02/2020,7.83%,3.76%,4.99%,45.77%
12/02/2020,7.78%,3.68%,4.81%,38.11%
13/02/2020,7.72%,3.82%,4.79%,38.49%
14/02/2020,8.09%,3.68%,4.79%,38.03%
17/02/2020,8.02%,3.69%,4.69%,44.64%
18/02/2020,7.88%,3.57%,4.70%,45.00%
19/02/2020,7.88%,3.69%,4.71%,49.39%
20/02/2020,8.02%,3.80%,6.15%,49.27%
21/02/2020,7.55%,3.73%,6.44%,47.40%
24/02/2020,7.86%,4.17%,6.57%,47.54%
25/02/2020,7.76%,4.16%,6.49%,46.10%
26/02/2020,8.07%,4.37%,6.82%,47.21%
27/02/2020,8.42%,4.37%,6.80%,47.21%
28/02/2020,8.42%,5.75%,7.19%,46.55%
02/03/2020,8.40%,5.99%,9.60%,47.21%
03/03/2020,7.89%,6.39%,9.85%,47.25%
04/03/2020,6.67%,6.39%,10.86%,47.13%
05/03/2020,6.78%,6.53%,10.71%,45.98%
06/03/2020,7.09%,6.77%,11.43%,45.75%
09/03/2020,7.89%,8.12%,13.37%,65.91%
10/03/2020,7.84%,7.94%,13.50%,65.72%
11/03/2020,9.09%,8.36%,15.35%,63.76%
12/03/2020,9.33%,8.66%,15.34%,168.65%
13/03/2020,11.42%,8.94%,15.35%,176.13%
16/03/2020,11.74%,8.93%,17.14%,177.39%
17/03/2020,12.04%,8.91%,17.17%,178.95%
18/03/2020,12.43%,10.27%,17.73%,177.29%
19/03/2020,18.15%,10.32%,18.07%,189.90%
20/03/2020,18.27%,14.36%,20.01%,189.95%
23/03/2020,19.16%,14.42%,20.02%,190.68%
24/03/2020,18.82%,14.51%,20.03%,192.08%
25/03/2020,20.30%,14.57%,19.94%,192.02%
26/03/2020,20.25%,14.81%,19.86%,191.54%
27/03/2020,23.28%,15.63%,20.65%,191.70%
30/03/2020,24.63%,15.50%,21.22%,191.72%
31/03/2020,24.63%,15.82%,20.40%,191.35%
01/04/2020,24.68%,15.52%,20.29%,191.87%
02/04/2020,24.59%,15.59%,19.75%,192.39%
03/04/2020,24.52%,15.86%,19.79%,191.59%
06/04/2020,24.72%,15.55%,19.27%,194.10%
07/04/2020,24.24%,14.42%,17.36%,188.27%
08/04/2020,24.55%,14.87%,17.13%,188.50%
09/04/2020,24.39%,14.76%,16.12%,188.49%
10/04/2020,24.42%,14.95%,16.07%,90.60%
13/04/2020,23.51%,14.84%,16.12%,83.53%
14/04/2020,23.08%,14.83%,14.95%,72.76%
15/04/2020,22.84%,15.00%,14.95%,73.66%
16/04/2020,22.62%,14.50%,14.52%,76.20%
17/04/2020,16.36%,14.48%,14.19%,52.36%
20/04/2020,15.53%,10.40%,10.30%,53.90%
21/04/2020,15.50%,10.37%,10.08%,52.84%
22/04/2020,16.24%,10.16%,9.97%,51.49%
23/04/2020,15.43%,10.22%,9.90%,53.17%
24/04/2020,15.39%,9.84%,9.89%,53.31%
27/04/2020,11.82%,8.42%,8.34%,51.64%
28/04/2020,9.51%,7.75%,6.35%,51.43%
29/04/2020,9.23%,7.15%,6.21%,63.99%
30/04/2020,9.22%,7.33%,6.01%,64.74%
01/05/2020,9.63%,7.36%,6.40%,64.63%
04/05/2020,10.35%,6.47%,6.11%,64.22%
05/05/2020,8.94%,6.59%,5.57%,59.91%
06/05/2020,8.94%,6.96%,5.31%,59.62%
07/05/2020,9.22%,6.39%,5.21%,62.97%
08/05/2020,9.20%,6.47%,5.14%,63.27%
11/05/2020,9.11%,6.10%,5.53%,77.73%
12/05/2020,9.39%,6.14%,5.97%,77.68%
13/05/2020,9.38%,6.29%,5.69%,78.71%
14/05/2020,8.76%,5.92%,5.48%,77.85%
15/05/2020,8.40%,5.42%,5.41%,78.27%
18/05/2020,9.23%,5.27%,5.30%,78.66%
19/05/2020,9.97%,6.08%,5.27%,77.12%
20/05/2020,10.12%,6.09%,5.46%,78.04%
21/05/2020,9.32%,6.29%,5.51%,80.66%
22/05/2020,9.28%,6.16%,5.50%,79.85%
25/05/2020,9.27%,6.25%,5.49%,81.03%
26/05/2020,9.27%,6.11%,5.46%,80.72%
27/05/2020,9.96%,6.55%,5.45%,81.47%
28/05/2020,10.11%,6.61%,5.19%,71.55%
29/05/2020,10.21%,6.75%,5.20%,71.34%
01/06/2020,9.69%,6.54%,4.75%,75.15%
02/06/2020,9.93%,6.54%,4.39%,79.10%
03/06/2020,10.25%,6.40%,5.87%,79.15%
04/06/2020,10.26%,5.89%,5.75%,78.71%
05/06/2020,9.60%,6.06%,5.60%,74.82%
08/06/2020,9.96%,6.20%,5.71%,74.85%
09/06/2020,9.93%,6.27%,7.03%,56.69%
10/06/2020,9.57%,6.02%,7.07%,56.35%
11/06/2020,9.16%,6.01%,7.43%,57.71%
12/06/2020,10.07%,6.63%,7.43%,55.34%
15/06/2020,10.32%,6.77%,7.48%,53.28%
16/06/2020,9.60%,7.04%,7.48%,51.26%
17/06/2020,9.45%,7.23%,7.46%,51.29%
18/06/2020,9.48%,7.34%,7.49%,50.82%
19/06/2020,10.22%,7.34%,7.48%,48.16%
22/06/2020,10.50%,7.36%,7.49%,49.75%
23/06/2020,11.18%,7.63%,7.49%,48.34%
24/06/2020,11.18%,7.60%,7.62%,49.88%
25/06/2020,11.14%,7.72%,7.90%,48.19%
26/06/2020,10.92%,7.79%,7.84%,46.45%
29/06/2020,11.10%,7.60%,7.83%,46.40%
30/06/2020,11.11%,7.54%,7.93%,37.39%
01/07/2020,10.61%,7.56%,8.02%,30.72%
02/07/2020,10.48%,7.32%,7.10%,30.41%
03/07/2020,10.48%,7.20%,7.08%,29.74%
06/07/2020,10.43%,6.42%,7.06%,31.81%
07/07/2020,9.86%,6.75%,6.82%,31.73%
08/07/2020,9.97%,6.84%,5.78%,32.55%
09/07/2020,10.20%,7.08%,5.53%,32.72%
10/07/2020,10.20%,7.17%,4.84%,26.12%
13/07/2020,9.52%,6.80%,4.93%,25.38%
14/07/2020,9.57%,6.76%,4.79%,25.37%
15/07/2020,8.85%,6.54%,4.76%,25.13%
16/07/2020,8.76%,6.07%,4.87%,25.14%
17/07/2020,8.76%,6.08%,4.72%,25.10%
20/07/2020,7.95%,6.09%,4.75%,24.73%
21/07/2020,7.85%,5.91%,4.72%,22.13%
22/07/2020,6.93%,5.54%,4.87%,22.93%
23/07/2020,6.92%,5.54%,4.72%,19.63%
24/07/2020,5.96%,5.02%,4.44%,19.61%
27/07/2020,6.11%,4.93%,5.18%,52.08%
28/07/2020,5.68%,5.65%,5.61%,52.34%
29/07/2020,5.42%,6.09%,5.39%,52.17%
30/07/2020,5.28%,6.11%,5.10%,52.25%
31/07/2020,5.86%,6.36%,4.89%,51.82%
03/08/2020,5.94%,7.17%,6.49%,51.93%
04/08/2020,6.09%,7.28%,6.52%,51.55%
05/08/2020,6.11%,7.21%,6.60%,52.58%
06/08/2020,6.10%,6.99%,6.52%,52.58%
07/08/2020,5.98%,6.93%,6.50%,52.53%
10/08/2020,6.62%,7.43%,6.60%,52.57%
11/08/2020,6.62%,7.70%,6.57%,55.36%
12/08/2020,6.16%,7.71%,6.70%,55.26%
13/08/2020,6.20%,7.66%,6.79%,54.98%
14/08/2020,6.20%,7.65%,6.73%,54.78%
17/08/2020,6.01%,7.53%,6.76%,55.51%
18/08/2020,6.04%,7.48%,6.96%,56.73%
19/08/2020,6.59%,7.61%,7.32%,57.68%
20/08/2020,7.86%,8.28%,7.88%,57.65%
21/08/2020,8.20%,8.27%,7.87%,58.90%
24/08/2020,9.09%,8.67%,7.87%,58.72%
25/08/2020,9.04%,8.55%,7.39%,36.44%
26/08/2020,8.95%,7.92%,7.05%,36.42%
27/08/2020,9.05%,7.74%,7.29%,36.47%
28/08/2020,9.00%,7.57%,7.67%,37.01%
31/08/2020,9.21%,7.66%,8.49%,36.68%
01/09/2020,9.18%,7.13%,7.68%,37.38%
02/09/2020,9.14%,7.12%,7.67%,41.27%
03/09/2020,9.28%,7.38%,7.60%,52.75%
04/09/2020,9.61%,7.18%,7.61%,53.84%
07/09/2020,9.63%,7.18%,7.64%,53.81%
08/09/2020,9.61%,6.62%,7.60%,53.08%
09/09/2020,10.94%,6.66%,7.67%,52.07%
10/09/2020,10.96%,6.74%,7.52%,51.91%
11/09/2020,12.07%,6.55%,7.44%,51.39%
14/09/2020,12.04%,6.53%,7.41%,52.60%
15/09/2020,12.06%,6.50%,7.41%,50.35%
16/09/2020,12.13%,6.50%,7.27%,50.59%
17/09/2020,11.60%,6.20%,6.90%,50.28%
18/09/2020,11.06%,5.60%,6.31%,50.05%
21/09/2020,10.61%,5.53%,6.21%,51.61%
22/09/2020,10.53%,5.55%,6.18%,51.27%
23/09/2020,10.67%,5.81%,6.30%,50.80%
24/09/2020,10.33%,5.79%,6.20%,53.91%
25/09/2020,10.18%,5.82%,5.99%,53.77%
28/09/2020,10.22%,5.87%,5.36%,53.21%
29/09/2020,9.70%,5.15%,4.00%,53.23%
30/09/2020,9.67%,5.53%,3.75%,52.25%
01/10/2020,9.76%,5.53%,3.79%,50.08%
02/10/2020,9.74%,5.20%,3.64%,32.64%
05/10/2020,9.72%,5.23%,3.63%,32.19%
06/10/2020,9.94%,5.71%,3.61%,32.45%
07/10/2020,10.11%,5.91%,3.61%,31.26%
08/10/2020,8.83%,5.80%,3.63%,31.93%
09/10/2020,8.81%,5.69%,3.52%,32.00%
12/10/2020,7.39%,5.87%,3.73%,34.91%
13/10/2020,7.41%,5.84%,3.83%,34.43%
14/10/2020,8.26%,6.14%,3.62%,34.33%
15/10/2020,8.46%,6.12%,3.61%,33.99%
16/10/2020,8.76%,6.10%,3.53%,34.50%
19/10/2020,8.78%,5.92%,3.28%,36.53%
20/10/2020,8.73%,6.18%,3.20%,32.15%
21/10/2020,8.12%,6.02%,3.18%,39.70%
22/10/2020,8.96%,5.72%,4.05%,37.29%
23/10/2020,9.08%,5.63%,4.03%,34.92%
26/10/2020,9.12%,5.67%,4.06%,34.49%
27/10/2020,9.23%,5.68%,4.06%,36.26%
28/10/2020,8.83%,5.65%,4.13%,38.81%
29/10/2020,8.92%,5.47%,4.07%,38.42%
30/10/2020,8.98%,5.83%,4.15%,37.27%
02/11/2020,8.94%,5.88%,4.13%,37.07%
03/11/2020,8.86%,5.85%,4.18%,37.44%
04/11/2020,10.20%,6.55%,4.12%,35.83%
05/11/2020,10.64%,6.40%,4.13%,45.94%
06/11/2020,11.53%,6.82%,4.66%,46.36%
09/11/2020,11.55%,7.15%,4.69%,47.66%
10/11/2020,11.34%,7.31%,8.10%,46.94%
11/11/2020,11.54%,7.31%,8.05%,46.26%
12/11/2020,10.95%,7.06%,8.06%,46.47%
13/11/2020,11.21%,7.08%,8.06%,46.58%
16/11/2020,10.97%,7.06%,8.13%,45.16%
17/11/2020,10.98%,7.06%,8.13%,46.44%
18/11/2020,10.99%,6.91%,8.19%,46.55%
19/11/2020,11.00%,6.71%,8.22%,42.51%
20/11/2020,10.01%,6.70%,7.83%,43.59%
23/11/2020,9.95%,6.59%,7.77%,44.40%
24/11/2020,9.91%,6.56%,8.13%,45.05%
25/11/2020,9.82%,6.65%,8.11%,45.89%
26/11/2020,9.82%,6.60%,8.07%,56.48%
27/11/2020,9.77%,6.48%,8.05%,56.70%
30/11/2020,9.61%,6.15%,8.02%,71.46%
01/12/2020,9.59%,6.12%,8.06%,74.29%
02/12/2020,9.72%,7.03%,8.04%,74.16%
03/12/2020,8.59%,6.36%,8.04%,74.16%
04/12/2020,7.41%,6.21%,8.30%,70.05%
07/12/2020,6.28%,5.98%,7.90%,70.21%
08/12/2020,6.50%,5.71%,7.83%,72.42%
09/12/2020,6.48%,5.23%,4.49%,72.31%
10/12/2020,6.07%,5.36%,4.50%,72.52%
11/12/2020,6.22%,5.33%,4.44%,72.01%
14/12/2020,5.48%,5.38%,4.40%,74.81%
15/12/2020,4.90%,5.32%,4.23%,74.58%
16/12/2020,5.64%,5.33%,4.37%,78.77%
17/12/2020,5.73%,5.39%,4.26%,81.36%
18/12/2020,5.89%,5.46%,4.30%,81.27%
21/12/2020,7.53%,5.77%,4.47%,80.92%
22/12/2020,7.49%,5.75%,4.48%,81.19%
23/12/2020,7.62%,5.95%,3.78%,81.44%
24/12/2020,8.03%,5.82%,3.78%,80.82%
25/12/2020,8.09%,5.85%,3.80%,72.68%
28/12/2020,8.02%,5.83%,3.79%,76.88%
29/12/2020,8.53%,5.69%,3.82%,64.44%
30/12/2020,8.56%,5.54%,3.74%,61.93%
31/12/2020,8.90%,4.28%,3.97%,62.14%
01/01/2021,8.78%,5.56%,3.95%,62.14%
04/01/2021,8.57%,5.83%,3.40%,62.20%
05/01/2021,9.05%,5.76%,3.10%,63.42%
06/01/2021,8.95%,5.87%,3.35%,59.95%
07/01/2021,8.96%,5.92%,3.56%,60.54%
08/01/2021,9.12%,6.23%,4.47%,57.58%
11/01/2021,9.08%,6.53%,4.59%,82.40%
12/01/2021,9.08%,6.57%,4.51%,85.96%
13/01/2021,9.72%,6.70%,4.68%,88.84%
14/01/2021,9.39%,6.84%,4.51%,86.24%
15/01/2021,9.32%,6.71%,4.48%,90.52%
18/01/2021,9.63%,6.80%,4.30%,91.01%
19/01/2021,8.50%,6.72%,4.24%,91.05%
20/01/2021,8.55%,6.96%,4.26%,91.57%
21/01/2021,8.40%,6.86%,4.38%,106.63%
22/01/2021,8.13%,7.03%,4.39%,108.30%
25/01/2021,8.17%,7.02%,4.47%,108.63%
26/01/2021,8.17%,7.02%,4.45%,104.59%
27/01/2021,7.71%,7.02%,4.45%,107.91%
28/01/2021,7.98%,7.12%,4.78%,111.21%
29/01/2021,7.40%,6.97%,4.50%,111.38%
01/02/2021,7.37%,6.14%,4.64%,111.87%
02/02/2021,7.38%,5.91%,4.65%,109.83%
03/02/2021,6.77%,5.94%,4.61%,109.37%
04/02/2021,6.62%,5.69%,4.23%,106.02%
05/02/2021,6.65%,5.75%,4.43%,103.94%
08/02/2021,6.63%,6.21%,3.90%,123.20%
09/02/2021,6.42%,5.81%,3.91%,111.69%
10/02/2021,6.60%,6.14%,4.53%,110.89%
11/02/2021,5.57%,5.95%,4.31%,108.50%
12/02/2021,5.58%,5.83%,4.31%,107.86%
15/02/2021,5.70%,5.83%,4.40%,104.70%
16/02/2021,4.82%,5.29%,4.49%,104.58%
17/02/2021,4.93%,5.42%,4.85%,105.08%
18/02/2021,4.83%,5.25%,4.98%,104.88%
19/02/2021,5.32%,5.39%,4.86%,89.04%
22/02/2021,5.33%,5.28%,4.90%,90.03%
23/02/2021,5.16%,5.41%,5.26%,99.49%
24/02/2021,5.15%,5.39%,5.32%,99.37%
25/02/2021,5.04%,5.39%,5.58%,97.93%
26/02/2021,5.99%,5.12%,5.49%,94.83%
01/03/2021,6.03%,5.51%,5.49%,96.57%
02/03/2021,6.10%,5.61%,5.46%,96.71%
03/03/2021,6.06%,5.48%,5.49%,96.12%
04/03/2021,6.09%,5.51%,5.53%,97.06%
05/03/2021,6.17%,6.01%,6.07%,96.58%
08/03/2021,6.29%,5.73%,5.98%,98.08%
09/03/2021,6.19%,5.50%,6.00%,75.55%
10/03/2021,6.39%,5.73%,6.13%,75.68%
11/03/2021,6.22%,5.40%,5.60%,74.38%
12/03/2021,6.35%,5.76%,5.58%,72.15%
15/03/2021,6.54%,5.79%,5.70%,72.88%
16/03/2021,6.42%,5.81%,5.71%,72.93%
17/03/2021,6.33%,5.80%,5.77%,73.31%
18/03/2021,6.55%,6.31%,5.53%,71.51%
19/03/2021,6.66%,6.45%,5.40%,71.34%
22/03/2021,6.55%,6.31%,5.31%,70.56%
23/03/2021,6.37%,6.43%,5.28%,69.76%
24/03/2021,6.95%,6.69%,4.94%,60.17%
25/03/2021,6.77%,6.70%,4.93%,60.50%
26/03/2021,6.97%,6.63%,4.69%,60.61%
29/03/2021,6.38%,6.69%,4.82%,61.40%
30/03/2021,6.35%,6.50%,4.83%,57.80%
31/03/2021,6.31%,6.54%,4.89%,56.59%
01/04/2021,6.37%,6.39%,4.89%,55.22%
02/04/2021,6.50%,6.67%,4.98%,52.50%
05/04/2021,6.46%,6.33%,4.32%,52.75%
06/04/2021,6.72%,6.48%,4.58%,49.09%
07/04/2021,7.01%,6.35%,4.58%,48.60%
08/04/2021,7.12%,6.20%,4.37%,49.97%
09/04/2021,7.00%,6.27%,4.71%,48.80%
12/04/2021,6.78%,6.00%,4.81%,49.60%
13/04/2021,6.80%,5.94%,4.64%,52.21%
14/04/2021,6.78%,6.02%,4.86%,52.25%
15/04/2021,6.81%,6.03%,4.85%,51.04%
16/04/2021,6.50%,5.57%,4.88%,51.71%
19/04/2021,6.49%,5.22%,4.88%,62.69%
20/04/2021,7.49%,5.49%,5.25%,58.15%
21/04/2021,7.62%,5.36%,5.25%,60.48%
22/04/2021,6.74%,4.46%,5.20%,60.80%
23/04/2021,7.09%,4.43%,5.11%,60.55%
26/04/2021,6.97%,4.57%,4.91%,59.45%
27/04/2021,6.94%,4.62%,4.57%,57.42%
28/04/2021,6.91%,4.52%,4.98%,56.84%
29/04/2021,6.95%,4.16%,4.70%,57.24%
30/04/2021,6.91%,4.22%,4.66%,63.59%
03/05/2021,7.65%,5.30%,4.88%,63.61%
04/05/2021,7.94%,5.28%,4.88%,67.87%
05/05/2021,7.67%,5.42%,4.79%,72.99%
06/05/2021,7.38%,5.25%,4.65%,72.06%
07/05/2021,7.00%,5.47%,4.66%,70.91%
10/05/2021,7.74%,6.02%,4.62%,71.46%
11/05/2021,7.89%,6.09%,4.54%,70.92%
12/05/2021,7.87%,6.10%,4.46%,82.45%
13/05/2021,8.19%,6.41%,5.22%,82.83%
14/05/2021,8.22%,6.36%,5.24%,82.83%
17/05/2021,8.27%,6.63%,5.21%,93.35%
18/05/2021,8.29%,6.62%,5.25%,88.30%
19/05/2021,7.21%,6.54%,4.97%,99.38%
20/05/2021,7.38%,6.73%,5.11%,106.78%
21/05/2021,7.57%,6.86%,5.30%,109.63%
24/05/2021,7.22%,6.95%,5.29%,111.13%
25/05/2021,7.21%,6.69%,5.28%,108.30%
26/05/2021,7.23%,6.73%,5.20%,108.49%
27/05/2021,7.29%,6.97%,5.04%,108.42%
28/05/2021,7.46%,6.86%,5.31%,110.20%
31/05/2021,7.50%,6.86%,5.20%,107.35%
01/06/2021,6.53%,6.20%,5.27%,107.28%
02/06/2021,6.64%,6.20%,5.22%,106.83%
03/06/2021,6.60%,6.00%,5.18%,104.00%
04/06/2021,6.85%,6.48%,5.56%,105.04%
07/06/2021,6.91%,6.33%,5.95%,107.17%
08/06/2021,6.03%,5.65%,5.84%,107.46%
09/06/2021,5.67%,5.62%,5.81%,116.43%
10/06/2021,5.75%,5.62%,5.79%,107.49%
11/06/2021,5.60%,5.25%,4.98%,107.67%
14/06/2021,5.75%,5.59%,5.06%,111.82%
15/06/2021,5.62%,5.18%,5.14%,102.08%
16/06/2021,5.53%,5.18%,5.10%,103.42%
17/06/2021,5.82%,5.99%,5.28%,89.50%
18/06/2021,5.63%,6.24%,5.43%,84.83%
21/06/2021,5.84%,5.97%,5.24%,89.51%
22/06/2021,6.58%,6.13%,5.25%,88.90%
23/06/2021,6.61%,6.09%,5.27%,90.26%
24/06/2021,6.65%,5.94%,5.32%,90.46%
25/06/2021,6.72%,5.81%,5.28%,95.07%
28/06/2021,6.24%,5.85%,4.97%,97.33%
29/06/2021,6.23%,5.84%,5.03%,97.10%
30/06/2021,6.05%,5.61%,4.82%,97.24%
01/07/2021,5.91%,5.68%,5.10%,97.73%
02/07/2021,6.01%,5.67%,5.23%,96.35%
05/07/2021,6.32%,5.44%,5.12%,94.33%
06/07/2021,6.16%,5.28%,4.67%,88.54%
07/07/2021,6.18%,5.19%,4.64%,88.64%
08/07/2021,6.18%,5.20%,4.62%,79.74%
09/07/2021,6.16%,5.57%,5.39%,80.45%
12/07/2021,6.68%,5.70%,5.48%,80.24%
13/07/2021,6.61%,5.51%,5.42%,74.78%
14/07/2021,6.83%,5.92%,5.39%,74.76%
15/07/2021,7.02%,6.28%,5.75%,73.64%
16/07/2021,6.73%,5.21%,5.30%,73.64%
19/07/2021,6.80%,4.71%,5.15%,71.29%
20/07/2021,6.54%,4.61%,5.24%,58.80%
21/07/2021,5.83%,4.42%,5.37%,63.98%
22/07/2021,6.24%,4.35%,5.41%,62.59%
23/07/2021,6.46%,4.37%,5.27%,63.36%
26/07/2021,6.37%,4.37%,5.45%,64.98%
27/07/2021,6.66%,4.51%,5.49%,61.16%
28/07/2021,6.79%,4.55%,5.66%,59.97%
29/07/2021,6.75%,4.57%,5.67%,59.10%
30/07/2021,6.86%,4.59%,5.46%,58.49%
02/08/2021,6.85%,4.65%,5.33%,65.57%
03/08/2021,6.63%,4.65%,5.33%,66.53%
04/08/2021,6.63%,4.65%,5.35%,67.58%
05/08/2021,6.53%,4.60%,5.65%,67.60%
06/08/2021,6.58%,4.49%,5.72%,67.30%
09/08/2021,6.77%,4.89%,5.33%,71.07%
10/08/2021,6.20%,4.80%,5.17%,70.94%
11/08/2021,6.20%,4.81%,5.24%,70.38%
12/08/2021,5.89%,4.12%,5.22%,71.76%
13/08/2021,5.91%,3.69%,4.83%,72.39%
16/08/2021,6.02%,4.09%,5.41%,74.40%
17/08/2021,5.79%,4.11%,5.49%,75.07%
18/08/2021,5.88%,4.55%,5.45%,73.00%
19/08/2021,5.79%,4.55%,5.40%,70.74%
20/08/2021,6.15%,4.58%,5.28%,71.72%
23/08/2021,5.91%,4.63%,5.28%,71.60%
24/08/2021,6.49%,4.86%,5.11%,66.62%
25/08/2021,6.20%,4.75%,5.08%,65.07%
26/08/2021,6.13%,4.77%,4.90%,67.52%
27/08/2021,6.25%,4.73%,4.90%,68.61%
30/08/2021,6.28%,4.69%,4.67%,68.82%
31/08/2021,6.09%,4.64%,4.58%,62.47%
01/09/2021,6.09%,4.66%,4.34%,61.67%
02/09/2021,6.07%,4.76%,4.21%,60.75%
03/09/2021,6.31%,4.78%,3.93%,60.43%
06/09/2021,6.26%,4.78%,3.92%,60.78%
07/09/2021,6.10%,3.96%,3.55%,69.87%
08/09/2021,6.26%,4.08%,3.88%,69.83%
09/09/2021,6.26%,4.13%,3.76%,69.86%
10/09/2021,6.49%,4.11%,3.94%,70.24%
13/09/2021,6.34%,4.13%,3.97%,65.12%
14/09/2021,6.19%,3.77%,3.09%,65.93%
15/09/2021,6.21%,3.75%,3.04%,65.39%
16/09/2021,5.68%,3.04%,3.14%,65.52%
17/09/2021,5.86%,3.47%,3.15%,64.12%
20/09/2021,5.34%,3.57%,3.26%,69.52%
21/09/2021,5.64%,3.52%,3.68%,71.08%
22/09/2021,5.00%,3.23%,3.75%,75.13%
23/09/2021,5.09%,3.37%,4.35%,75.34%
24/09/2021,5.71%,3.69%,4.57%,75.66%
27/09/2021,5.64%,3.69%,4.76%,73.62%
28/09/2021,5.47%,3.49%,4.73%,72.99%
29/09/2021,6.77%,3.49%,4.99%,73.24%
30/09/2021,7.29%,4.16%,5.09%,74.68%
01/10/2021,7.40%,4.00%,5.39%,82.17%
04/10/2021,7.72%,3.98%,5.65%,82.35%
05/10/2021,7.78%,3.99%,5.60%,82.11%
06/10/2021,7.82%,4.00%,5.78%,74.15%
07/10/2021,7.74%,4.05%,5.64%,74.80%
08/10/2021,7.80%,4.07%,5.66%,74.82%
11/10/2021,7.51%,4.07%,5.63%,75.71%
12/10/2021,7.52%,4.07%,6.41%,76.74%
13/10/2021,7.51%,4.06%,6.41%,75.82%
14/10/2021,7.94%,4.69%,6.36%,75.74%
15/10/2021,7.85%,4.63%,6.22%,78.58%
18/10/2021,8.16%,4.47%,6.27%,78.16%
19/10/2021,8.00%,4.43%,6.32%,67.14%
20/10/2021,7.91%,4.48%,5.83%,62.02%
21/10/2021,7.93%,4.56%,5.71%,65.86%
22/10/2021,7.90%,4.52%,6.01%,67.21%
25/10/2021,7.50%,4.23%,6.02%,63.81%
26/10/2021,7.36%,4.27%,5.95%,66.44%
27/10/2021,7.32%,4.23%,6.01%,66.69%
28/10/2021,6.00%,4.23%,6.08%,66.99%
29/10/2021,5.14%,4.21%,6.05%,65.92%
01/11/2021,6.11%,5.69%,5.98%,60.66%
02/11/2021,5.67%,5.75%,5.68%,61.18%
03/11/2021,5.69%,5.77%,5.73%,59.99%
04/11/2021,6.00%,5.84%,5.60%,56.54%
05/11/2021,7.66%,6.00%,5.67%,55.37%
08/11/2021,7.62%,6.01%,5.83%,64.22%
09/11/2021,7.89%,6.05%,5.65%,61.60%
10/11/2021,7.86%,6.03%,4.59%,61.92%
11/11/2021,8.71%,6.88%,5.53%,61.66%
12/11/2021,8.35%,6.60%,5.49%,61.94%
15/11/2021,8.51%,6.60%,5.25%,57.15%
16/11/2021,8.05%,6.90%,5.05%,60.34%
17/11/2021,8.09%,6.92%,5.57%,58.87%
18/11/2021,8.16%,6.86%,5.95%,60.83%
19/11/2021,8.10%,7.03%,5.94%,58.45%
22/11/2021,8.20%,7.43%,5.72%,58.84%
23/11/2021,8.21%,7.38%,5.99%,57.70%
24/11/2021,8.19%,7.40%,6.06%,56.36%
25/11/2021,8.20%,7.44%,5.98%,55.82%
26/11/2021,8.20%,7.46%,5.93%,58.55%
29/11/2021,7.97%,7.49%,7.30%,64.27%
30/11/2021,7.57%,6.70%,7.03%,64.11%
01/12/2021,7.56%,6.66%,7.18%,62.60%
02/12/2021,7.54%,6.66%,7.27%,62.67%
03/12/2021,7.19%,6.48%,7.28%,64.47%
06/12/2021,5.79%,6.33%,7.26%,66.88%
07/12/2021,5.88%,6.28%,7.31%,54.12%
08/12/2021,5.43%,6.18%,7.27%,54.20%
09/12/2021,5.45%,6.67%,7.20%,56.09%
10/12/2021,4.21%,6.08%,6.54%,55.90%
13/12/2021,4.22%,6.08%,6.53%,55.91%
14/12/2021,4.05%,6.11%,6.54%,56.05%
15/12/2021,4.11%,5.75%,6.54%,58.04%
16/12/2021,4.20%,5.69%,6.19%,58.07%
17/12/2021,4.13%,5.85%,5.98%,56.01%
20/12/2021,4.68%,6.28%,5.98%,55.64%
21/12/2021,4.47%,5.74%,5.99%,57.96%
22/12/2021,4.77%,5.64%,5.72%,56.98%
23/12/2021,5.27%,5.76%,5.61%,59.39%
24/12/2021,5.31%,5.57%,5.66%,58.87%
27/12/2021,5.29%,5.58%,5.59%,54.51%
28/12/2021,5.33%,4.98%,3.93%,50.20%
29/12/2021,5.28%,5.01%,3.93%,50.45%
30/12/2021,5.45%,5.07%,3.52%,51.01%
31/12/2021,5.41%,5.18%,3.14%,51.10%
03/01/2022,5.42%,5.36%,3.14%,48.80%
04/01/2022,5.21%,5.83%,3.14%,45.20%
05/01/2022,5.28%,5.83%,3.73%,47.99%
06/01/2022,5.22%,5.89%,3.77%,47.98%
07/01/2022,5.13%,5.50%,3.94%,45.80%
10/01/2022,5.25%,5.54%,3.94%,46.00%
11/01/2022,5.28%,5.57%,4.16%,46.92%
12/01/2022,5.10%,5.60%,4.16%,48.24%
13/01/2022,5.30%,5.92%,4.71%,45.49%
14/01/2022,5.31%,5.88%,4.91%,45.37%
17/01/2022,5.42%,5.99%,4.70%,44.70%
18/01/2022,4.65%,5.17%,4.71%,44.27%
19/01/2022,4.87%,5.75%,4.71%,40.81%
20/01/2022,4.74%,5.76%,4.67%,41.29%
21/01/2022,4.42%,5.70%,4.78%,50.13%
24/01/2022,4.46%,5.76%,4.69%,50.35%
25/01/2022,4.84%,5.79%,4.75%,50.86%
26/01/2022,4.77%,5.82%,4.51%,48.01%
27/01/2022,4.91%,6.09%,5.26%,48.27%
28/01/2022,5.02%,6.52%,5.57%,48.38%
31/01/2022,5.05%,6.49%,5.57%,49.29%
01/02/2022,5.14%,6.80%,5.59%,49.41%
02/02/2022,5.47%,6.64%,5.67%,51.19%
03/02/2022,5.42%,6.67%,5.03%,49.12%
04/02/2022,5.45%,7.81%,5.41%,63.93%
07/02/2022,5.69%,7.78%,5.46%,65.40%
08/02/2022,5.47%,7.63%,5.43%,65.40%
09/02/2022,5.47%,7.63%,5.53%,65.04%
10/02/2022,5.28%,7.56%,5.53%,64.64%
11/02/2022,4.87%,7.20%,5.25%,64.39%
14/02/2022,4.90%,7.33%,5.14%,64.26%
15/02/2022,4.89%,7.41%,5.14%,65.77%
16/02/2022,4.88%,7.60%,5.10%,66.01%
17/02/2022,4.89%,7.19%,5.17%,71.84%
18/02/2022,4.96%,7.19%,5.40%,71.42%
21/02/2022,5.00%,7.30%,5.26%,65.79%
22/02/2022,4.87%,7.25%,5.35%,66.67%
23/02/2022,4.52%,7.26%,5.49%,67.33%
24/02/2022,4.66%,7.27%,5.51%,67.96%
25/02/2022,6.40%,7.88%,5.28%,68.32%
28/02/2022,6.06%,7.28%,4.94%,75.61%
01/03/2022,6.19%,7.35%,5.18%,75.83%
02/03/2022,6.49%,7.40%,5.21%,76.05%
03/03/2022,6.34%,7.24%,5.48%,75.01%
04/03/2022,6.30%,7.25%,5.34%,80.96%
07/03/2022,7.01%,7.79%,5.34%,71.29%
08/03/2022,7.25%,7.67%,5.43%,68.52%
09/03/2022,7.22%,7.89%,5.50%,74.72%
10/03/2022,7.72%,10.13%,5.35%,77.49%
11/03/2022,7.91%,10.20%,5.40%,77.47%
14/03/2022,7.88%,10.38%,6.58%,77.63%
15/03/2022,7.81%,10.40%,6.60%,77.60%
16/03/2022,7.97%,10.42%,6.58%,77.54%
17/03/2022,8.52%,10.44%,6.70%,77.45%
18/03/2022,8.42%,10.80%,6.78%,72.45%
21/03/2022,8.32%,10.88%,6.68%,72.58%
22/03/2022,8.35%,10.84%,6.68%,67.40%
23/03/2022,8.90%,10.87%,7.72%,66.80%
24/03/2022,8.97%,10.82%,7.85%,66.08%
25/03/2022,8.94%,10.83%,8.12%,65.70%
28/03/2022,7.90%,10.35%,8.14%,68.13%
29/03/2022,8.07%,10.37%,8.61%,60.17%
30/03/2022,7.89%,10.82%,8.60%,59.78%
31/03/2022,7.79%,10.76%,9.43%,60.92%
01/04/2022,7.56%,11.12%,9.52%,59.68%
04/04/2022,7.56%,11.05%,9.58%,50.96%
05/04/2022,6.73%,9.39%,9.21%,50.56%
06/04/2022,6.27%,9.68%,9.30%,54.70%
07/04/2022,6.26%,9.63%,9.35%,47.40%
08/04/2022,5.77%,7.71%,9.33%,42.82%
11/04/2022,5.45%,7.58%,9.33%,49.02%
12/04/2022,5.27%,7.16%,9.06%,48.70%
13/04/2022,5.20%,7.31%,9.08%,49.33%
14/04/2022,6.02%,7.65%,9.11%,47.99%
15/04/2022,5.62%,7.74%,9.17%,48.32%
18/04/2022,5.58%,7.19%,8.90%,47.80%
19/04/2022,5.70%,7.09%,8.82%,47.78%
20/04/2022,5.69%,7.12%,10.13%,46.50%
21/04/2022,5.21%,7.40%,10.44%,46.70%
22/04/2022,5.11%,7.38%,10.32%,45.95%
25/04/2022,7.16%,7.39%,9.99%,46.39%
26/04/2022,7.43%,7.90%,10.43%,43.76%
27/04/2022,8.21%,8.07%,10.05%,45.47%
28/04/2022,8.22%,7.45%,10.14%,46.14%
29/04/2022,8.08%,6.79%,10.86%,45.93%
02/05/2022,8.93%,6.81%,11.20%,45.16%
03/05/2022,9.03%,6.81%,11.13%,44.94%
04/05/2022,9.00%,6.79%,11.17%,49.24%
05/05/2022,9.86%,7.56%,11.54%,53.52%
06/05/2022,11.76%,7.89%,11.73%,53.29%
09/05/2022,11.73%,7.88%,11.74%,77.98%
10/05/2022,11.80%,7.96%,11.88%,76.75%
11/05/2022,11.78%,7.98%,11.67%,78.63%
12/05/2022,11.83%,7.89%,11.82%,77.55%
13/05/2022,11.02%,8.27%,12.44%,77.84%
16/05/2022,11.34%,8.22%,12.45%,78.06%
17/05/2022,11.69%,8.44%,12.54%,78.58%
18/05/2022,12.87%,9.39%,12.55%,79.15%
19/05/2022,13.23%,9.58%,11.77%,82.85%
20/05/2022,13.67%,10.15%,11.23%,83.20%
23/05/2022,13.80%,10.15%,11.18%,83.29%
24/05/2022,13.13%,10.92%,11.16%,83.34%
25/05/2022,12.95%,10.64%,11.30%,81.80%
26/05/2022,12.31%,10.50%,11.29%,80.43%
27/05/2022,12.27%,10.12%,10.82%,79.84%
30/05/2022,12.04%,9.92%,8.36%,89.51%
31/05/2022,11.67%,9.94%,8.35%,89.57%
01/06/2022,11.52%,10.00%,8.82%,91.56%
02/06/2022,12.07%,10.42%,9.64%,89.68%
03/06/2022,11.92%,10.43%,9.33%,86.24%
06/06/2022,9.77%,10.04%,9.09%,89.05%
07/06/2022,9.70%,10.13%,9.82%,65.19%
08/06/2022,9.82%,10.09%,9.86%,65.56%
09/06/2022,9.89%,10.00%,10.55%,60.69%
10/06/2022,9.71%,10.56%,10.38%,61.99%
13/06/2022,11.62%,10.49%,9.54%,108.41%
14/06/2022,12.12%,10.80%,9.67%,107.78%
15/06/2022,12.44%,10.75%,9.66%,107.69%
16/06/2022,12.52%,10.09%,10.36%,111.00%
17/06/2022,13.12%,10.25%,10.49%,108.34%
20/06/2022,13.12%,9.77%,12.46%,108.44%
21/06/2022,13.07%,9.83%,12.52%,108.62%
22/06/2022,12.92%,9.04%,12.64%,108.04%
23/06/2022,12.91%,8.90%,12.07%,110.82%
24/06/2022,12.83%,8.88%,12.78%,111.09%
27/06/2022,12.80%,8.88%,12.72%,111.10%
28/06/2022,12.78%,8.91%,12.72%,102.46%
29/06/2022,12.85%,8.89%,12.72%,102.22%
30/06/2022,12.88%,9.11%,12.63%,101.02%
01/07/2022,12.60%,8.94%,12.63%,99.89%
04/07/2022,12.23%,8.25%,12.84%,102.81%
05/07/2022,12.12%,8.25%,12.84%,99.58%
06/07/2022,12.74%,9.87%,12.44%,100.37%
07/07/2022,12.46%,9.96%,12.39%,103.26%
08/07/2022,13.05%,9.86%,11.76%,103.41%
11/07/2022,13.04%,9.57%,11.79%,105.98%
12/07/2022,12.08%,9.50%,12.03%,61.17%
13/07/2022,11.62%,9.32%,12.06%,63.73%
14/07/2022,11.05%,9.22%,11.97%,63.78%
15/07/2022,9.81%,9.14%,11.81%,53.14%
18/07/2022,8.18%,8.92%,10.87%,59.18%
19/07/2022,7.90%,9.15%,8.34%,60.41%
20/07/2022,8.08%,9.69%,8.31%,60.57%
21/07/2022,8.06%,9.71%,7.83%,58.81%
22/07/2022,8.14%,9.76%,8.56%,56.96%
25/07/2022,8.11%,9.72%,8.21%,61.21%
26/07/2022,8.39%,9.60%,8.20%,60.64%
27/07/2022,8.39%,9.90%,8.25%,65.32%
28/07/2022,9.01%,10.39%,8.44%,66.07%
29/07/2022,8.85%,10.16%,9.38%,65.60%
01/08/2022,8.82%,10.10%,9.49%,65.25%
02/08/2022,8.96%,10.28%,10.41%,64.07%
03/08/2022,9.57%,10.79%,11.38%,64.15%
04/08/2022,8.15%,9.16%,11.51%,64.21%
05/08/2022,8.08%,9.38%,11.87%,62.56%
08/08/2022,8.14%,9.75%,13.64%,62.89%
09/08/2022,8.16%,9.79%,13.60%,55.40%
10/08/2022,7.34%,8.79%,13.30%,54.11%
11/08/2022,8.15%,9.20%,14.47%,52.69%
12/08/2022,8.16%,9.19%,14.22%,52.71%
15/08/2022,8.43%,9.50%,13.70%,53.08%
16/08/2022,8.69%,9.88%,13.66%,46.99%
17/08/2022,8.61%,9.75%,14.12%,45.85%
18/08/2022,8.65%,9.27%,14.29%,45.83%
19/08/2022,9.22%,9.63%,14.49%,58.74%
22/08/2022,9.74%,9.66%,14.55%,59.35%
23/08/2022,9.82%,10.11%,14.44%,55.43%
24/08/2022,9.82%,10.13%,14.61%,55.44%
25/08/2022,9.86%,9.69%,14.57%,48.21%
26/08/2022,9.06%,9.19%,14.46%,50.12%
29/08/2022,9.62%,9.21%,13.85%,50.19%
30/08/2022,9.72%,9.66%,13.68%,50.35%
31/08/2022,9.23%,9.44%,12.45%,50.77%
01/09/2022,8.97%,8.85%,11.79%,50.90%
02/09/2022,8.98%,9.28%,11.83%,50.89%
05/09/2022,8.96%,8.62%,10.97%,49.30%
06/09/2022,9.46%,8.57%,9.46%,50.18%
07/09/2022,9.38%,8.59%,11.10%,51.20%
08/09/2022,9.43%,9.41%,11.18%,49.08%
09/09/2022,8.08%,8.74%,8.54%,62.35%
12/09/2022,8.97%,9.05%,9.56%,64.31%
13/09/2022,9.33%,9.18%,9.63%,71.96%
14/09/2022,10.45%,9.98%,10.03%,71.98%
15/09/2022,10.45%,9.97%,11.00%,72.09%
16/09/2022,10.62%,9.96%,10.98%,72.20%
19/09/2022,10.31%,9.62%,11.17%,62.78%
20/09/2022,9.97%,9.44%,10.90%,62.80%
21/09/2022,10.02%,9.05%,10.89%,62.78%
22/09/2022,10.16%,10.25%,10.53%,65.39%
23/09/2022,10.21%,10.27%,12.03%,65.19%
26/09/2022,17.09%,11.48%,12.08%,61.59%
27/09/2022,16.93%,11.62%,12.06%,61.58%
28/09/2022,16.77%,11.15%,11.89%,61.37%
29/09/2022,17.48%,12.07%,11.97%,61.26%
30/09/2022,21.01%,12.98%,11.96%,61.26%
03/10/2022,20.99%,12.72%,11.88%,61.34%
04/10/2022,21.90%,12.76%,11.94%,62.56%
05/10/2022,22.03%,13.80%,12.13%,59.82%
06/10/2022,22.15%,13.92%,10.31%,59.51%
07/10/2022,22.87%,14.08%,10.14%,60.01%
10/10/2022,22.97%,14.13%,10.15%,47.98%
11/10/2022,22.68%,13.88%,9.57%,44.34%
12/10/2022,22.62%,13.62%,9.56%,30.20%
13/10/2022,22.72%,12.85%,8.78%,30.61%
14/10/2022,23.65%,12.99%,7.85%,29.41%
17/10/2022,23.57%,12.98%,8.27%,30.20%
18/10/2022,23.85%,13.57%,7.98%,30.17%
19/10/2022,23.84%,13.59%,7.97%,27.88%
20/10/2022,24.11%,13.85%,8.01%,27.10%
21/10/2022,23.82%,13.00%,7.94%,21.91%
24/10/2022,24.13%,13.33%,8.36%,22.06%
25/10/2022,18.58%,12.08%,8.22%,25.60%
26/10/2022,18.91%,11.95%,8.46%,27.54%
27/10/2022,19.18%,12.42%,9.69%,28.73%
28/10/2022,19.35%,12.95%,9.65%,29.03%
31/10/2022,16.63%,12.32%,10.23%,28.94%
01/11/2022,17.16%,12.50%,10.37%,28.83%
02/11/2022,16.17%,12.44%,10.58%,26.72%
03/11/2022,16.12%,11.34%,10.36%,26.56%
04/11/2022,17.16%,11.29%,10.32%,30.51%
07/11/2022,16.83%,12.26%,11.03%,31.09%
08/11/2022,17.34%,12.37%,11.02%,48.19%
09/11/2022,17.33%,12.39%,11.49%,71.76%
10/11/2022,17.99%,12.66%,11.69%,81.32%
11/11/2022,19.93%,13.75%,15.71%,81.65%
14/11/2022,19.30%,14.25%,16.28%,81.90%
15/11/2022,19.25%,14.24%,15.92%,81.79%
16/11/2022,19.30%,13.94%,15.91%,81.80%
17/11/2022,19.27%,13.94%,15.95%,81.84%
18/11/2022,18.76%,13.37%,16.22%,81.88%
21/11/2022,18.75%,13.51%,16.11%,83.50%
22/11/2022,18.69%,13.85%,16.38%,84.14%
23/11/2022,18.63%,13.94%,16.11%,83.38%
24/11/2022,18.74%,14.08%,16.51%,82.05%
25/11/2022,18.16%,13.56%,16.15%,81.93%
28/11/2022,18.09%,12.77%,16.25%,81.47%
29/11/2022,18.40%,12.80%,15.56%,81.92%
30/11/2022,17.86%,12.48%,15.25%,83.95%
01/12/2022,18.13%,12.71%,15.41%,83.92%
02/12/2022,18.11%,12.50%,15.96%,84.01%
05/12/2022,16.18%,11.99%,15.71%,81.75%
06/12/2022,16.39%,11.08%,17.11%,81.75%
07/12/2022,15.94%,10.98%,17.19%,73.91%
08/12/2022,16.00%,10.90%,17.06%,50.19%
09/12/2022,14.49%,10.52%,16.82%,35.32%
12/12/2022,11.33%,9.27%,13.45%,33.54%
13/12/2022,11.07%,8.23%,12.70%,34.02%
14/12/2022,10.99%,8.55%,13.38%,33.70%
15/12/2022,10.61%,8.59%,13.16%,34.72%
16/12/2022,12.82%,8.70%,14.66%,37.94%
19/12/2022,12.72%,8.86%,14.53%,38.18%
20/12/2022,12.72%,8.75%,14.58%,33.67%
21/12/2022,12.55%,8.03%,18.51%,32.81%
22/12/2022,13.59%,8.01%,18.63%,31.77%