time, California, Florida, New York, New Jersey, Utah, Massachusetts, Texas, Colorado, Michigan, Hawaii, Minnesota, Connecticut, Washington, Oregon, North Carolina, Georgia, Maryland, Ohio, Illinois, Pennsylvania, Idaho, Indiana, Virginia, Arizona, Tennessee, Wisconsin, Maine, South Carolina, Montana, Nevada, Iowa, Rhode Island, New Hampshire, Missouri, Alabama, Vermont, Arkansas, Kentucky, Kansas, Oklahoma, Louisiana, West Virginia, Mississippi, Delaware, New Mexico, North Dakota, the New England Census Division, Nebraska, Wyoming, Alaska, South Dakota, the District of Columbia
1975-01-01,41.71,65.88,78.34,64.08,55.11,67.86,55.61,54.16,60.22,67.29,55.59,62.16,46.25,51.2,66.01,73.85,61.89,65.0,66.55,70.76,70.03,66.22,69.84,60.65,68.05,61.86,60.82,75.25,57.08,52.23,59.42,61.37,74.85,65.42,75.03,77.35,66.66,64.14,61.88,52.02,51.7,50.24,75.12,77.02,56.93,67.55,61.83,63.65,49.18,62.03,75.06,46.56
1975-04-01,42.74,83.48,75.81,59.23,58.36,66.2,58.57,54.89,62.6,53.81,55.89,62.82,47.17,51.25,67.11,71.95,62.35,64.81,62.2,69.6,65.09,60.97,66.7,59.9,68.75,62.7,88.3,69.72,57.03,51.95,63.3,65.96,59.44,73.77,72.22,76.94,60.3,65.68,62.31,53.3,55.11,65.36,72.08,89.63,58.83,59.41,63.71,62.61,47.85,63.93,70.29,47.6
1975-07-01,44.29,66.82,77.73,60.06,55.14,67.06,56.12,54.77,63.22,58.28,58.17,61.84,49.71,54.18,69.06,74.25,65.15,64.43,64.08,74.1,57.43,62.09,67.44,59.46,67.71,64.59,68.41,72.14,59.33,53.88,63.54,64.67,60.96,65.6,74.62,67.13,65.04,66.85,63.28,52.75,52.86,66.19,72.46,115.7,59.4,65.94,61.9,61.32,50.08,68.14,65.08,47.31
1975-10-01,45.77,68.24,79.62,62.83,59.85,70.56,59.31,54.98,62.31,55.18,60.11,62.08,48.04,53.27,70.57,73.74,67.02,65.97,66.68,71.84,62.08,63.47,67.75,56.35,70.91,69.04,71.15,69.95,58.21,46.65,65.25,66.92,53.62,65.16,71.71,72.72,62.91,68.3,64.57,54.55,55.63,66.75,73.11,71.61,55.82,62.91,63.42,67.84,53.55,68.2,63.86,54.55
1976-01-01,47.79,67.95,73.11,62.52,61.6,67.4,58.65,55.01,62.81,53.82,62.64,64.8,50.33,57.21,68.61,71.43,67.32,66.54,67.77,72.71,57.15,62.47,69.4,58.99,70.31,65.45,55.78,70.99,59.65,58.79,67.73,66.11,77.53,67.1,77.1,117.02,66.83,69.46,66.57,54.65,58.8,61.52,73.3,79.51,59.83,74.7,65.53,67.19,54.28,71.33,62.9,53.05
1976-04-01,50.27,76.02,74.87,63.77,61.34,68.96,63.54,59.83,64.21,56.97,62.58,64.14,53.6,56.97,69.83,73.01,69.88,68.71,70.28,76.71,74.34,65.84,68.59,62.85,68.56,65.49,70.02,77.09,65.13,61.28,70.18,68.78,63.88,77.51,74.22,57.53,68.59,68.58,67.35,60.97,58.75,66.16,74.57,84.42,61.48,72.46,65.48,67.67,55.35,71.51,67.61,53.01
1976-07-01,53.56,69.0,75.62,65.9,64.77,68.64,63.3,59.6,64.32,54.96,63.08,67.25,56.58,60.08,70.65,79.08,70.67,71.05,73.42,77.36,65.02,65.82,70.53,61.12,71.38,67.56,83.57,76.67,64.82,61.22,74.05,70.3,64.56,69.43,77.27,81.21,71.49,69.05,68.53,59.33,58.17,69.7,71.84,80.39,63.76,71.08,69.02,67.95,58.38,77.37,68.74,59.15
1976-10-01,55.58,70.28,73.94,62.1,64.11,70.16,63.11,62.11,65.67,56.73,64.69,67.96,57.77,63.58,70.76,78.33,71.79,72.39,73.18,75.12,61.85,68.71,71.94,61.79,71.54,68.38,70.63,75.59,65.38,60.86,71.24,69.52,70.63,69.26,79.7,79.58,72.24,69.25,70.4,62.32,61.68,63.08,83.13,86.83,65.46,72.49,69.1,70.5,62.83,73.97,66.63,57.64
1977-01-01,58.01,71.03,77.75,65.08,69.66,72.45,65.95,64.98,67.31,56.25,66.81,64.22,59.74,67.14,75.06,76.83,72.24,73.19,80.29,74.66,72.92,71.4,73.02,63.63,74.89,72.88,74.61,75.83,66.05,63.63,76.21,69.25,72.02,71.48,81.21,115.08,72.87,69.79,72.62,64.2,62.87,68.11,75.37,89.94,70.34,81.73,71.06,72.41,63.18,78.19,62.81,59.63
1977-04-01,63.01,79.04,82.91,65.33,70.82,70.2,71.51,65.51,68.13,59.1,68.99,68.44,62.91,69.01,74.05,76.25,73.52,75.27,83.73,80.24,76.03,71.3,75.09,63.88,77.61,76.08,80.81,79.05,71.5,65.49,78.16,72.28,70.11,81.41,83.69,82.29,75.01,73.44,75.79,63.79,65.17,85.24,77.39,77.81,70.03,85.45,71.09,73.92,64.61,76.87,70.54,63.96
1977-07-01,67.96,72.61,82.55,67.38,74.85,73.78,69.31,69.0,71.29,61.07,73.16,71.46,67.28,74.04,76.7,78.7,76.74,78.89,83.17,80.89,78.14,74.04,77.21,66.18,78.17,78.01,81.56,81.29,76.91,70.25,79.8,75.06,68.89,77.55,88.35,76.28,78.28,76.44,77.33,68.08,62.69,73.03,78.19,82.42,73.03,79.47,73.39,78.42,67.06,78.52,79.07,66.71
1977-10-01,70.68,74.82,84.63,69.44,75.16,73.26,73.38,72.94,72.67,62.98,75.07,72.27,70.8,78.16,81.52,78.62,77.14,81.16,88.7,83.46,79.45,78.19,78.87,70.14,79.61,80.98,86.59,82.78,79.6,72.39,83.26,77.03,75.74,80.32,89.17,76.83,81.01,78.5,79.64,69.86,68.43,85.6,85.81,82.68,76.24,77.72,74.63,80.06,71.1,79.38,81.5,72.3
1978-01-01,73.21,78.35,83.4,71.18,81.52,78.16,76.63,76.05,75.63,66.0,76.55,73.59,74.32,79.93,82.98,84.18,81.92,83.24,90.88,84.06,89.9,82.3,80.37,71.35,84.6,84.69,82.58,82.29,90.54,73.9,85.51,80.21,75.24,82.67,88.51,90.79,80.9,81.55,82.37,71.86,73.04,84.23,86.28,85.2,76.95,87.7,77.58,78.72,72.99,81.51,76.04,69.34
1978-04-01,75.98,83.36,87.53,73.24,84.01,79.84,78.89,79.97,79.5,65.31,82.25,79.53,79.68,84.61,83.05,81.71,83.38,86.48,98.1,87.58,89.03,84.67,83.36,74.13,83.47,87.53,91.63,86.77,89.45,78.85,89.75,82.01,75.9,92.78,88.53,92.02,83.61,83.91,84.88,78.04,73.48,80.42,87.83,89.18,78.19,83.39,81.09,85.72,76.42,85.99,84.2,77.8
1978-07-01,78.62,83.04,84.02,76.36,87.17,84.65,81.33,84.03,83.01,66.98,85.72,87.06,84.01,88.16,86.76,85.33,85.82,89.09,99.44,86.47,92.23,87.17,86.06,78.98,86.93,90.84,90.32,88.21,90.0,83.39,90.95,84.59,82.6,90.09,96.67,99.57,86.22,88.5,88.34,81.7,77.76,83.16,92.72,85.32,81.46,89.16,86.16,86.62,78.67,87.63,85.82,81.32
1978-10-01,81.8,84.63,83.97,79.65,90.15,87.03,85.46,87.35,86.83,75.08,87.78,88.34,86.86,91.95,87.22,86.33,88.43,91.39,102.04,87.77,89.43,89.73,89.26,83.08,90.73,92.7,94.36,89.64,92.33,89.72,95.17,87.02,85.1,91.01,96.29,88.57,86.26,91.75,90.23,84.72,81.91,85.41,90.33,83.57,83.75,85.45,87.87,87.29,82.14,87.04,85.62,80.85
1979-01-01,84.85,89.74,96.64,85.04,94.73,90.93,89.48,91.71,91.3,74.21,91.47,95.39,88.95,95.79,90.04,87.95,91.08,95.66,97.49,92.55,98.92,93.29,89.45,87.18,90.68,96.71,104.91,93.82,94.46,91.4,95.78,90.2,89.55,95.99,99.43,94.52,91.7,95.57,92.14,88.56,87.95,83.1,98.51,86.24,89.14,99.21,93.34,92.9,87.39,89.01,89.41,89.52
1979-04-01,88.64,92.41,95.92,87.05,97.57,93.88,92.73,94.46,96.15,82.17,94.63,97.54,93.88,96.12,91.66,91.13,94.82,98.56,102.48,97.04,96.02,96.61,91.59,92.57,91.8,99.7,103.13,95.74,100.17,98.43,99.19,92.41,93.07,102.62,100.19,87.49,94.74,97.68,94.13,90.89,92.02,88.79,101.56,86.86,92.07,98.74,95.14,94.19,92.16,98.18,90.67,88.68
1979-07-01,93.1,93.77,94.74,91.61,97.96,97.12,95.16,97.45,99.08,89.66,97.55,100.41,95.9,98.38,96.17,92.2,96.94,99.18,101.16,96.37,99.21,98.0,94.62,95.39,96.61,99.52,98.21,97.64,96.75,97.5,102.43,92.94,95.79,98.52,101.77,95.54,99.33,96.82,97.38,94.15,95.73,89.12,106.37,95.01,93.91,97.31,97.47,97.19,97.36,96.4,99.16,92.38
1979-10-01,96.4,97.98,98.17,94.2,99.63,98.02,96.97,99.38,99.55,92.85,99.32,101.79,98.02,100.13,96.23,95.63,98.26,100.79,99.47,98.84,101.33,97.98,95.49,98.93,96.27,100.25,105.47,100.27,103.82,99.66,101.25,100.24,96.27,100.5,107.83,108.98,101.5,99.35,97.89,96.02,97.45,95.35,93.03,96.03,95.28,99.8,100.27,98.17,96.49,95.43,91.06,98.8
1980-01-01,100.0,100.0,100.0,100.0,100.0,100.0,100.0,100.0,100.0,100.0,100.0,100.0,100.0,100.0,100.0,100.0,100.0,100.0,100.0,100.0,100.0,100.0,100.0,100.0,100.0,100.0,100.0,100.0,100.0,100.0,100.0,100.0,100.0,100.0,100.0,100.0,100.0,100.0,100.0,100.0,100.0,100.0,100.0,100.0,100.0,100.0,100.0,100.0,100.0,100.0,100.0,100.0
1980-04-01,102.86,99.71,107.18,101.56,97.72,103.95,104.44,102.26,101.9,101.72,102.58,101.61,100.19,98.8,98.84,100.46,103.19,99.73,100.9,96.23,101.76,99.61,101.13,98.39,100.19,100.92,104.49,103.85,95.14,101.52,100.73,102.53,98.04,111.17,103.0,101.05,100.97,100.99,101.42,99.3,99.34,104.99,96.68,106.61,98.05,106.09,102.65,103.33,97.64,82.8,107.07,96.27
1980-07-01,106.54,105.86,114.95,100.8,104.21,108.4,103.91,107.14,102.87,101.3,106.91,103.72,103.51,105.43,101.24,102.05,104.97,102.09,102.38,101.55,106.24,102.27,104.33,107.12,99.36,104.97,109.41,109.14,107.38,105.3,101.82,101.74,102.11,105.03,109.88,103.8,106.79,101.14,102.17,104.07,101.01,102.75,104.0,109.66,99.25,99.28,106.01,101.73,101.15,73.76,98.06,98.88
1980-10-01,108.38,108.68,111.26,103.77,104.74,108.64,105.68,106.58,101.77,107.62,104.93,104.87,101.85,101.94,102.47,102.87,107.55,103.51,95.61,101.61,102.67,101.56,104.24,107.69,100.05,101.69,105.78,106.13,102.08,105.83,97.29,97.91,98.46,105.58,108.89,110.33,109.03,104.55,104.01,102.11,102.68,117.45,104.37,106.45,105.08,95.47,105.75,105.88,94.72,94.67,95.03,101.84
1981-01-01,110.4,110.03,112.13,104.29,106.19,112.54,104.47,106.5,103.24,102.21,101.13,104.4,99.87,97.59,106.1,107.23,110.72,103.35,101.71,101.78,110.17,104.08,106.12,108.79,96.4,102.85,119.28,113.45,95.43,108.3,94.8,94.46,97.82,103.29,105.4,110.46,109.76,107.37,98.21,103.15,106.61,99.13,94.58,109.12,101.15,105.02,108.37,102.24,106.72,89.44,92.31,91.93
1981-04-01,112.94,112.27,108.36,105.89,109.78,118.68,111.11,108.49,103.49,98.1,100.17,109.7,104.12,99.11,106.07,107.89,112.95,103.65,106.6,103.95,101.72,103.05,105.56,111.91,106.37,103.12,113.76,115.8,101.87,116.6,93.19,105.75,100.52,103.98,109.02,108.35,106.43,105.7,103.06,106.66,108.36,95.1,115.01,104.09,111.66,97.95,112.86,102.69,109.44,108.44,98.53,106.23
1981-07-01,116.32,108.09,115.72,107.56,108.26,121.51,114.44,114.6,106.27,86.82,103.69,114.27,105.23,96.21,106.01,108.62,111.37,103.29,103.0,104.43,103.05,104.96,106.18,116.47,108.33,103.25,108.79,117.8,113.92,117.86,87.97,103.25,99.39,103.1,112.39,101.28,109.1,103.27,103.33,111.96,111.19,109.71,107.36,115.93,113.8,116.27,114.0,100.47,109.59,116.27,104.07,95.86
1981-10-01,117.52,104.75,114.38,105.86,110.38,121.39,112.21,110.32,105.34,49.25,106.84,111.5,103.65,88.79,104.5,112.87,114.45,100.35,104.37,101.48,118.22,107.2,109.78,109.72,97.41,91.08,117.5,115.76,100.02,115.06,102.45,101.19,106.39,102.28,106.67,62.93,102.9,103.57,104.97,113.56,113.02,108.47,93.41,107.26,117.72,109.82,112.59,100.2,109.3,129.02,86.8,103.48
1982-01-01,104.22,112.77,123.33,105.39,106.66,123.53,122.47,119.61,104.58,112.73,89.53,111.77,86.62,96.76,106.71,113.56,106.95,89.12,94.98,103.71,94.15,104.73,97.79,105.34,105.9,86.29,105.24,119.38,105.03,119.1,95.53,105.22,106.16,103.18,109.19,122.3,102.69,106.58,103.56,116.75,110.11,68.85,102.92,102.2,105.72,99.11,117.87,106.25,110.39,136.07,68.78,76.57
1982-04-01,107.39,114.66,125.18,108.93,108.75,124.52,119.04,120.71,99.65,104.15,91.81,112.29,93.43,92.94,109.59,115.55,108.41,96.69,94.74,104.01,109.58,103.91,109.47,109.11,98.76,96.38,114.32,118.77,113.45,119.66,96.62,102.92,105.31,101.72,107.02,116.94,106.05,106.44,104.09,119.2,114.48,113.92,104.51,113.02,116.64,83.47,119.0,107.15,107.86,130.93,110.29,104.73
1982-07-01,104.86,104.56,122.4,109.16,111.84,126.42,118.06,122.5,94.55,100.4,98.88,111.06,93.77,96.15,107.47,114.37,106.56,99.09,87.06,104.47,104.48,95.45,103.75,101.43,105.65,98.6,109.82,120.36,100.47,119.56,86.19,102.52,107.38,103.67,107.66,108.22,110.88,104.49,104.83,120.16,115.26,83.41,108.37,113.07,129.91,72.62,118.62,109.27,108.91,140.69,106.61,81.8
1982-10-01,115.85,112.69,126.45,109.63,113.69,127.91,120.93,126.4,87.77,85.18,106.11,112.94,103.52,102.46,112.07,116.45,111.0,102.98,102.44,105.28,110.89,104.09,112.82,108.72,103.58,99.48,113.14,119.85,113.02,118.68,94.4,108.08,106.54,104.04,115.5,113.98,108.49,107.01,105.01,123.21,115.07,86.72,108.19,115.82,123.54,99.1,120.84,108.78,112.35,136.73,118.62,101.75
1983-01-01,116.71,121.37,128.72,110.11,114.28,130.09,125.61,126.16,96.65,102.36,109.84,118.7,104.74,98.57,112.89,117.68,113.53,102.33,100.83,108.72,110.57,106.17,115.28,118.93,110.22,103.92,114.19,124.03,98.74,116.63,97.97,109.21,108.96,105.49,114.57,118.28,113.13,108.47,106.02,124.22,116.06,98.3,112.29,116.34,128.65,98.91,123.98,108.9,110.76,138.71,100.83,95.71
1983-04-01,117.43,123.74,132.77,113.75,115.33,135.9,125.86,125.13,97.11,106.38,111.74,121.06,104.64,100.31,111.35,118.48,115.59,105.4,104.24,110.46,106.84,106.22,118.05,119.08,110.55,106.3,119.74,121.48,104.71,119.9,98.9,111.03,112.02,108.18,114.45,112.62,116.36,109.64,108.54,125.96,117.03,92.1,112.48,118.75,121.71,106.56,127.76,109.23,105.7,140.0,121.53,97.59
1983-07-01,117.24,124.21,138.25,117.66,111.62,142.82,125.7,126.3,97.26,112.37,111.56,122.47,103.96,99.21,114.15,121.08,116.79,106.13,105.51,112.92,106.82,105.93,118.89,115.3,112.14,105.95,125.46,124.55,110.13,119.18,98.51,118.66,115.73,111.59,116.85,118.72,118.0,109.97,106.34,127.05,115.68,93.27,110.39,122.17,123.32,89.19,132.92,111.46,102.92,146.48,100.86,102.75
1983-10-01,117.76,124.49,147.16,120.87,112.64,148.16,126.24,121.94,95.13,106.28,109.36,126.21,104.9,98.51,115.52,120.79,118.17,105.64,106.68,113.78,108.55,105.46,118.65,112.87,113.69,106.09,131.12,120.79,114.33,113.9,98.29,120.37,117.97,112.58,113.69,123.46,118.22,109.09,107.42,126.57,116.44,92.12,115.48,127.69,125.32,106.93,137.35,112.03,98.74,145.89,99.07,100.66
1984-01-01,119.5,125.7,150.69,123.85,112.24,156.28,125.09,126.14,97.55,108.5,113.57,131.1,106.8,98.74,118.18,124.36,118.83,106.11,107.44,113.73,110.32,105.38,121.38,117.52,110.08,106.14,132.44,127.48,123.15,120.14,98.47,118.88,121.95,113.16,123.5,121.81,120.51,112.65,107.53,122.39,116.58,98.01,118.3,125.11,123.85,118.09,142.18,110.4,100.1,149.85,113.59,102.5
1984-04-01,120.13,126.76,156.64,130.18,114.08,164.55,126.22,125.46,97.16,113.5,113.68,134.56,107.49,97.71,122.41,126.6,122.87,107.22,110.21,116.87,109.08,107.99,123.22,121.73,116.19,107.96,138.74,126.03,120.52,117.45,100.46,120.47,127.51,115.3,120.18,123.88,118.86,110.53,107.82,122.58,117.23,93.43,114.96,128.32,121.06,112.13,147.88,112.83,95.57,147.67,109.54,104.5
1984-07-01,121.7,128.14,162.17,134.94,114.82,174.41,128.65,125.71,97.26,110.19,115.59,140.24,109.29,96.11,121.77,124.29,124.31,107.3,110.84,118.69,110.56,106.93,124.87,122.84,109.39,108.12,142.5,123.84,115.41,113.05,99.16,126.53,133.32,118.91,124.79,126.21,119.54,112.73,107.43,120.49,115.9,94.32,112.82,131.58,125.48,114.59,154.91,112.32,98.28,154.26,118.1,106.57
1984-10-01,122.78,126.4,169.19,138.21,112.13,180.56,128.05,123.39,97.47,109.2,115.78,141.77,110.03,99.45,125.02,129.28,124.77,107.5,112.4,119.58,113.49,109.11,124.42,122.51,118.87,106.34,140.19,128.15,112.19,116.58,100.77,128.11,137.31,119.02,121.23,126.96,120.97,112.6,107.32,120.06,114.6,87.12,114.22,133.58,126.85,109.21,157.92,111.47,95.66,152.27,106.86,108.75
1985-01-01,124.52,127.87,176.23,142.21,116.61,190.2,126.69,126.3,99.69,114.72,116.81,148.36,110.5,97.95,127.88,131.72,126.79,108.15,113.24,121.13,108.28,109.94,127.48,125.07,120.92,108.02,145.81,131.05,115.67,117.74,101.35,130.87,141.66,120.25,121.37,129.55,121.1,114.14,108.48,119.09,111.59,91.92,119.87,136.62,126.67,109.21,164.88,111.46,97.04,144.51,109.52,108.11
1985-04-01,126.32,128.21,184.56,148.49,115.97,204.62,127.76,125.47,100.78,113.03,118.28,155.45,110.9,97.89,130.26,128.77,128.68,109.38,114.6,124.25,114.03,111.52,129.6,125.52,121.77,109.8,150.5,131.27,110.24,117.44,101.32,137.22,151.96,123.46,124.6,134.3,119.82,115.28,108.96,117.29,113.16,95.36,121.92,140.55,126.22,109.7,174.65,113.01,95.0,145.06,108.95,111.35
1985-07-01,129.18,128.11,191.05,154.99,116.32,217.59,127.7,126.53,102.68,116.98,115.57,160.02,111.57,96.95,133.1,135.17,130.91,110.67,115.98,126.72,115.17,112.13,131.47,127.24,124.11,110.76,156.35,132.12,115.91,118.02,102.87,141.55,159.59,125.48,127.35,136.19,123.94,114.67,109.52,117.53,113.21,92.8,122.68,143.0,128.25,113.62,182.65,113.16,93.83,145.62,112.87,112.95
1985-10-01,130.59,129.8,198.57,161.91,115.21,231.95,126.46,124.16,103.79,118.02,119.94,168.8,112.1,97.24,134.9,137.79,131.19,111.53,117.95,128.42,112.71,113.81,132.24,128.8,125.62,110.85,164.44,132.52,118.28,118.9,102.05,150.1,169.8,126.34,128.28,139.06,124.25,116.92,110.3,114.43,110.77,88.46,122.69,145.5,128.17,108.5,193.35,114.24,94.08,141.55,112.74,114.9
1986-01-01,132.27,131.22,206.47,168.0,119.18,241.27,129.45,128.76,105.43,119.83,121.34,174.48,113.44,97.98,136.1,140.1,133.84,113.03,119.73,131.44,115.33,115.14,134.5,131.42,128.33,112.43,167.26,135.76,117.36,121.22,103.1,154.28,177.97,127.43,129.51,144.38,125.52,118.64,112.51,116.38,113.69,95.54,123.77,150.83,130.14,112.72,200.23,115.49,97.23,142.47,116.97,114.64
1986-04-01,134.81,134.67,217.16,178.1,118.87,253.29,131.53,129.47,108.79,120.15,120.51,185.35,114.19,98.74,138.72,141.95,137.67,114.55,122.36,135.13,112.88,117.18,136.95,135.38,130.32,113.72,173.23,136.79,114.24,123.63,103.66,161.94,186.37,129.36,131.86,146.57,128.6,120.65,113.0,117.49,114.39,96.53,125.73,154.27,132.79,111.8,210.08,115.61,97.59,144.88,118.05,120.27
1986-07-01,137.77,135.59,227.03,189.22,118.2,265.63,128.85,128.61,112.07,121.04,124.1,199.33,114.72,99.52,141.17,143.66,141.15,116.41,125.08,139.74,114.59,118.88,139.96,135.36,132.51,114.02,180.65,138.68,115.2,123.99,104.11,173.04,195.06,131.93,133.33,152.37,126.52,120.8,114.09,113.19,111.77,95.73,123.92,159.01,132.33,111.35,221.74,115.61,94.61,140.29,113.85,123.57
1986-10-01,141.12,135.78,237.21,199.11,117.95,278.3,126.53,127.93,114.54,123.96,123.96,212.65,115.92,97.84,142.93,146.03,144.87,117.97,128.01,144.35,115.08,120.39,142.39,132.92,134.46,114.5,188.78,140.79,115.51,123.43,103.72,189.23,206.12,134.07,135.93,158.45,128.08,123.49,114.52,111.71,110.68,98.25,124.57,164.39,132.96,109.1,234.16,117.06,90.47,136.97,117.02,128.71
1987-01-01,144.74,136.45,246.64,210.15,119.29,287.82,126.84,129.66,117.52,128.01,126.86,224.87,117.07,100.0,145.7,148.45,149.02,120.19,130.46,149.16,116.39,122.19,145.43,137.73,137.93,115.4,196.16,143.44,110.1,126.43,105.3,202.7,211.48,135.86,138.05,163.35,129.06,124.99,115.37,111.63,110.73,97.13,126.05,170.9,134.93,112.9,244.07,117.57,92.83,133.55,120.71,133.72
1987-04-01,148.3,138.61,255.26,221.32,117.9,295.08,123.04,128.14,121.45,131.01,129.1,237.27,118.06,100.38,147.2,150.13,153.38,122.63,135.15,155.18,114.06,123.63,149.46,136.64,140.4,116.71,204.02,144.87,112.71,125.64,105.29,214.42,220.44,138.84,139.11,168.81,130.6,126.28,117.24,108.36,110.32,98.86,125.97,175.02,133.55,110.33,253.57,116.94,87.5,124.12,118.41,136.56
1987-07-01,152.96,138.81,266.94,229.99,113.64,303.78,118.27,125.44,124.07,133.08,130.46,250.08,118.91,99.48,149.68,151.8,160.26,125.07,138.34,162.8,110.59,125.14,156.73,135.68,140.7,118.25,214.27,144.96,111.07,125.38,105.33,230.28,222.6,140.35,139.68,173.48,127.59,129.14,116.87,103.0,104.9,95.8,124.23,182.1,132.08,110.43,263.56,115.5,82.68,115.91,117.85,141.12
1987-10-01,157.28,139.84,270.87,235.29,112.7,306.24,114.66,124.36,126.1,136.09,129.54,257.44,119.65,98.77,150.71,152.52,162.62,126.32,140.23,168.4,110.48,125.58,160.23,133.54,142.59,119.52,221.94,145.68,105.06,124.38,101.91,240.09,227.1,140.87,138.33,181.54,124.1,129.43,116.19,100.5,104.79,97.63,123.4,186.94,130.86,110.07,269.47,116.12,78.78,104.95,119.14,147.3
1988-01-01,163.05,141.26,277.2,240.43,112.79,309.76,114.69,125.4,127.91,144.69,131.82,263.31,121.96,100.81,151.8,154.68,168.05,128.49,143.26,171.73,113.15,128.33,164.86,134.92,143.79,120.32,227.76,148.19,109.63,125.59,104.35,248.16,226.29,140.77,141.99,186.73,126.42,131.69,116.6,98.32,101.98,96.48,122.24,189.69,130.7,107.28,274.1,117.11,80.93,120.71,115.11,155.54
1988-04-01,169.76,144.24,280.71,246.46,114.34,314.95,116.62,125.03,131.13,151.66,133.67,267.51,123.77,101.47,154.2,156.56,173.99,131.18,147.81,178.97,114.15,130.05,170.46,136.12,144.55,122.32,229.8,150.18,110.46,126.63,105.98,251.54,229.01,142.87,143.04,194.82,127.44,132.81,117.74,99.33,102.4,99.83,123.97,195.28,130.16,108.99,278.59,117.84,76.29,115.13,115.67,162.92
1988-07-01,177.82,145.34,282.76,247.21,112.05,313.74,113.98,123.79,133.3,155.59,133.62,265.72,126.32,105.09,155.73,156.86,179.61,132.37,151.15,183.72,111.98,130.64,174.52,134.1,144.54,124.5,236.46,151.25,113.71,128.17,108.18,254.1,228.99,143.75,142.65,201.13,126.72,135.0,116.74,97.52,101.13,99.1,121.91,200.9,131.31,109.58,279.36,118.55,80.94,126.39,118.53,166.14
1988-10-01,187.54,146.55,283.61,246.35,112.33,316.1,113.11,123.41,134.46,166.83,134.44,266.27,127.84,105.66,156.34,156.75,183.82,133.58,152.45,185.42,111.85,131.98,178.07,134.35,144.15,125.14,237.58,151.95,112.87,129.81,107.66,256.03,228.68,143.59,141.28,203.3,126.14,136.31,118.37,97.87,99.75,97.9,123.9,205.94,129.89,104.89,280.8,118.29,81.08,131.9,116.58,171.11
1989-01-01,196.34,147.7,283.38,245.91,113.37,313.38,113.35,123.43,136.51,179.29,134.86,261.68,132.22,107.97,156.83,157.8,188.44,135.21,155.48,187.69,115.16,133.09,181.35,133.12,145.14,127.45,238.94,154.38,111.09,129.94,109.67,258.19,229.22,143.58,141.46,206.69,127.09,137.91,117.39,98.46,100.53,98.93,119.45,209.28,130.35,108.6,279.31,119.53,76.79,128.45,120.69,180.91
1989-04-01,205.99,148.65,282.88,245.36,113.14,311.33,114.34,124.32,139.35,183.85,136.7,261.45,137.88,110.48,157.68,158.29,193.2,136.55,158.46,189.03,116.1,134.93,185.25,132.6,146.09,128.88,241.95,154.49,112.09,132.34,110.84,259.36,225.84,145.25,143.36,211.95,126.79,138.85,119.46,99.95,100.56,101.5,123.5,215.97,131.09,107.95,279.02,120.59,83.55,104.22,117.07,182.51
1989-07-01,217.9,151.14,285.9,246.63,115.55,316.06,116.59,126.85,142.66,196.23,138.74,262.3,144.42,113.81,160.44,160.32,196.72,139.48,162.0,193.19,117.7,137.31,187.86,134.64,146.72,131.06,244.35,157.99,114.61,135.72,112.93,265.19,229.82,146.1,145.53,216.28,127.99,141.78,119.1,101.53,102.35,101.37,125.78,221.1,133.14,110.54,282.55,121.93,83.22,103.98,121.83,184.5
1989-10-01,224.74,152.28,286.55,247.38,115.48,316.79,116.31,126.36,143.22,203.14,139.45,261.27,153.15,116.64,160.95,161.45,199.95,140.49,163.92,195.55,118.48,137.8,189.22,133.93,146.81,131.84,246.53,158.35,116.18,137.56,113.87,266.36,230.01,146.75,146.6,217.5,127.04,142.41,119.69,100.67,102.23,101.23,124.61,222.45,135.17,111.27,283.05,122.77,83.26,102.02,119.31,188.03
1990-01-01,227.52,153.01,286.51,244.28,116.45,312.75,116.06,126.98,145.35,218.11,139.51,257.39,164.23,120.76,161.24,160.94,202.34,142.03,165.79,195.86,120.53,138.65,189.18,133.69,147.3,133.9,243.46,159.87,114.65,140.19,115.46,263.39,225.4,146.85,145.48,215.42,127.73,142.96,119.54,100.54,101.64,102.3,126.23,225.82,132.11,110.8,279.18,123.73,87.73,98.65,119.78,193.52
1990-04-01,228.24,152.49,283.3,239.06,118.04,303.71,116.93,128.03,147.66,231.65,139.51,249.55,173.53,126.99,161.66,159.5,202.99,143.33,167.64,196.16,125.14,140.05,189.48,132.89,147.08,136.02,238.95,161.37,116.56,142.46,116.9,258.96,215.96,146.66,146.68,216.85,127.93,144.18,119.03,101.57,102.53,102.01,124.42,225.05,133.33,110.49,271.8,125.74,85.35,112.41,125.46,193.43
1990-07-01,230.18,153.41,281.67,235.78,118.97,298.61,117.78,129.0,148.58,242.5,140.3,246.98,176.39,131.72,163.14,160.54,204.01,145.32,169.6,196.7,127.95,141.34,188.87,134.06,146.89,137.87,234.71,162.72,121.38,146.13,118.46,259.4,210.99,146.88,147.27,214.83,128.67,145.24,119.23,101.47,103.08,105.12,125.71,223.4,134.59,112.1,267.94,126.89,90.97,121.79,126.04,188.85
1990-10-01,228.64,152.84,278.72,231.89,118.89,291.51,116.88,129.31,148.94,251.78,140.25,240.27,177.64,134.08,163.02,159.42,202.81,145.67,170.07,195.97,126.88,141.82,186.75,132.73,146.41,138.15,237.07,161.65,121.79,147.68,119.45,253.96,203.89,145.66,147.43,216.22,128.18,144.87,118.79,101.15,103.58,103.77,124.5,223.34,135.09,110.83,262.72,127.03,89.32,119.85,125.41,189.33
1991-01-01,228.56,154.58,278.31,230.8,122.56,288.47,118.31,130.75,150.72,257.54,142.26,239.86,181.91,136.38,164.01,161.18,204.22,147.33,172.12,197.55,130.44,144.0,187.87,134.77,147.69,140.1,230.56,163.49,119.89,150.94,121.02,254.58,201.1,147.32,148.71,213.21,129.45,147.29,119.27,102.9,103.01,104.12,127.15,226.71,136.14,112.83,260.09,128.24,89.87,124.06,127.98,191.44
1991-04-01,227.14,155.04,280.12,229.13,124.8,285.54,119.52,132.42,152.76,260.15,143.37,236.47,183.54,139.52,165.19,161.71,206.34,149.36,173.94,199.12,130.78,145.21,188.45,135.73,148.38,142.11,233.72,165.11,123.89,151.88,122.37,249.21,198.05,148.12,150.9,213.65,130.13,148.51,120.14,104.17,105.34,107.52,125.98,227.48,137.57,113.97,257.81,129.63,93.21,127.17,131.48,192.87
1991-07-01,227.14,154.78,279.25,227.81,124.88,282.27,119.66,133.59,153.96,260.15,143.75,233.75,184.29,141.94,165.57,161.29,205.76,150.39,175.16,199.26,133.62,146.29,187.0,135.18,148.74,144.26,229.91,166.12,125.91,152.63,123.46,246.33,193.82,148.52,151.76,213.03,131.32,149.28,120.33,104.44,106.33,106.31,126.3,227.51,138.33,114.28,254.57,130.79,94.64,131.08,130.21,190.84
1991-10-01,228.82,157.47,281.52,230.45,127.71,284.94,121.05,135.84,155.85,263.97,146.26,236.06,188.15,144.89,167.89,163.05,209.78,152.62,177.55,202.84,136.76,148.42,190.31,139.13,151.15,145.65,232.43,168.75,130.49,156.22,125.33,249.29,194.18,150.14,154.21,213.75,133.58,151.19,121.81,106.31,108.05,109.19,129.59,230.66,140.44,115.33,256.82,131.54,95.43,131.21,132.88,194.56
1992-01-01,227.61,159.34,286.8,232.3,129.62,284.05,123.03,137.75,157.11,263.37,146.98,237.06,189.04,147.94,168.97,164.1,210.55,154.29,178.75,203.91,138.25,149.72,191.43,139.83,152.45,147.35,233.79,169.63,132.42,157.43,125.71,248.01,194.28,150.96,155.47,213.86,134.64,152.22,122.54,107.04,109.34,109.5,131.33,230.64,143.98,117.64,256.88,133.3,96.59,133.02,136.45,197.32
1992-04-01,225.25,157.92,282.83,230.38,131.65,280.57,122.59,140.83,158.14,262.86,147.81,232.39,190.79,149.77,169.3,164.39,209.19,155.34,180.33,203.55,139.66,151.04,189.71,139.55,152.03,149.96,229.0,169.85,134.66,156.95,127.77,244.59,190.03,151.31,155.64,214.5,134.01,153.46,123.07,106.99,110.42,111.49,131.48,229.06,144.81,117.86,252.95,135.1,98.03,134.27,136.59,197.27
1992-07-01,224.81,160.58,285.96,232.21,133.86,282.12,124.66,143.9,159.31,264.55,149.51,233.22,193.36,153.42,171.38,167.65,211.15,157.46,182.06,205.48,142.91,153.36,192.1,140.47,155.38,151.81,230.0,172.42,138.38,159.75,129.43,244.74,189.06,152.41,158.6,216.43,136.35,155.52,124.52,108.57,111.86,112.7,132.42,230.23,145.64,119.17,253.88,137.18,99.8,134.95,140.49,196.8
1992-10-01,222.71,160.65,288.0,233.61,137.38,282.79,125.17,146.61,160.54,265.45,150.49,233.03,195.36,156.32,172.15,167.94,211.84,159.0,183.69,206.8,146.82,154.17,192.75,141.33,155.19,153.77,231.57,173.03,142.8,160.69,130.56,245.69,189.29,153.36,159.95,216.72,137.01,156.81,124.87,109.07,112.98,113.98,132.89,232.28,147.98,120.25,254.41,138.18,102.11,135.45,142.1,195.39
1993-01-01,219.27,160.91,282.66,233.46,140.35,280.87,125.56,149.3,161.16,264.79,151.79,229.41,196.21,158.46,172.59,168.3,211.28,159.75,184.82,206.47,148.0,155.22,192.21,141.45,155.82,154.99,228.33,173.29,145.36,160.57,131.75,244.36,187.52,153.48,161.02,215.9,138.19,157.66,125.67,109.46,113.79,114.73,133.43,230.93,149.96,120.97,251.92,139.4,102.59,135.31,143.68,194.28
1993-04-01,217.38,162.61,289.34,235.08,144.77,282.62,126.69,152.95,162.4,266.09,153.25,230.04,198.35,161.62,174.08,170.18,211.94,161.59,186.51,207.92,152.81,156.78,193.3,143.17,158.03,157.19,231.21,174.94,149.43,161.98,133.65,244.56,189.74,154.43,162.76,217.2,140.46,159.51,126.6,111.44,115.82,116.31,135.57,231.91,153.5,123.83,253.51,141.13,105.62,135.84,147.33,194.91
1993-07-01,215.54,163.93,288.43,235.66,149.99,283.6,128.15,157.28,163.83,265.13,155.19,230.01,201.04,165.39,175.92,171.35,212.63,163.53,188.44,208.66,156.99,158.67,193.69,144.31,160.11,159.43,229.51,177.07,151.99,163.19,136.35,243.87,190.02,155.53,165.66,217.56,143.05,160.71,128.37,112.98,117.87,118.84,137.32,231.44,156.47,126.14,253.64,143.35,108.44,138.29,150.05,195.66
1993-10-01,214.26,165.53,289.57,237.13,155.56,285.34,129.39,161.16,165.23,266.49,156.84,230.62,203.32,168.87,177.35,172.62,213.49,165.5,190.11,210.53,159.92,160.18,194.74,146.22,161.74,161.5,231.65,177.86,157.1,164.09,137.92,246.18,190.6,156.86,167.12,218.75,144.78,162.64,129.58,114.64,119.46,119.2,138.29,232.11,159.31,126.9,255.05,145.57,110.99,139.08,152.23,196.19
1994-01-01,212.15,165.32,286.23,237.76,161.84,285.53,129.99,165.88,167.08,267.27,157.8,228.66,205.85,173.16,178.97,173.18,213.88,167.38,192.73,210.45,160.96,161.9,194.98,148.21,163.47,165.74,231.51,178.79,159.48,164.31,140.52,244.8,191.09,158.53,168.21,219.46,147.56,165.33,131.71,115.17,121.57,121.48,140.55,231.13,164.1,128.52,254.58,147.45,113.55,140.19,155.99,197.56
1994-04-01,207.0,164.2,282.4,235.67,170.81,282.65,130.19,173.52,169.88,264.32,160.6,223.51,209.69,179.22,181.79,174.26,211.79,170.17,195.46,209.27,166.78,164.31,194.79,150.32,165.68,171.83,225.56,180.04,166.24,165.05,144.08,238.6,187.86,161.46,170.24,217.11,148.82,169.65,135.7,117.26,124.32,123.16,142.63,228.55,169.42,132.18,250.29,152.24,116.46,143.43,158.26,190.14
1994-07-01,203.95,164.46,280.92,233.43,176.55,282.38,130.3,177.82,173.21,265.76,161.92,220.57,211.03,183.63,184.22,174.86,209.85,171.15,197.16,207.61,168.71,166.22,194.44,152.28,168.23,175.57,224.13,180.81,170.25,165.65,146.82,234.14,185.02,163.97,170.96,217.46,150.65,171.11,137.31,117.43,125.52,124.9,143.99,226.19,173.01,133.85,248.51,155.79,120.02,145.31,159.62,190.31
1994-10-01,201.06,164.44,275.69,230.68,179.68,279.97,129.64,179.31,175.36,258.89,162.41,217.79,210.45,186.75,186.44,175.57,208.03,172.64,197.5,206.01,169.61,166.43,194.17,153.91,169.46,175.85,220.47,181.36,171.46,165.35,146.9,231.45,184.41,164.29,171.1,217.41,151.71,172.97,138.45,117.6,125.44,124.71,146.38,225.34,175.49,134.14,246.09,155.76,121.65,144.37,162.67,182.47
1995-01-01,199.72,165.01,274.36,230.54,184.34,281.74,129.59,182.61,178.51,257.53,164.02,216.59,212.57,190.91,187.94,176.5,208.12,173.59,199.47,205.39,170.7,168.5,193.63,155.88,171.91,178.02,222.58,182.96,173.14,166.6,148.58,233.37,185.21,166.41,172.66,215.02,152.49,174.91,139.79,118.23,126.89,126.12,146.46,225.96,176.89,136.65,246.79,157.78,123.45,146.62,160.49,185.37
1995-04-01,201.62,167.26,279.11,233.12,189.48,286.99,131.81,186.23,181.99,261.21,167.09,219.39,214.96,195.56,190.61,179.86,210.84,176.9,202.34,208.81,174.8,171.44,196.09,158.73,175.21,181.94,225.91,185.24,177.1,170.32,151.82,235.89,187.7,168.28,176.1,220.37,156.67,177.79,142.59,120.4,129.5,128.59,149.5,226.84,181.28,137.88,250.75,160.71,126.13,149.12,166.13,184.85
1995-07-01,203.97,170.4,283.76,237.06,195.97,291.69,133.43,189.93,185.29,261.29,170.12,224.7,218.12,200.48,193.79,182.26,213.33,179.99,204.78,212.43,177.82,174.46,198.37,161.78,177.78,184.43,230.1,187.63,180.86,172.8,153.96,240.07,191.58,170.62,178.89,220.46,158.6,180.26,143.97,122.4,131.49,131.01,151.92,230.56,184.64,139.56,255.31,163.04,127.59,150.62,167.25,189.81
1995-10-01,203.64,171.75,282.88,237.63,200.03,293.29,134.26,192.83,188.4,262.61,172.25,224.95,219.87,203.74,195.66,185.08,214.88,182.21,206.65,213.61,179.93,176.42,199.16,163.88,180.37,186.7,230.42,189.87,181.86,174.02,155.37,242.14,194.2,172.1,180.25,221.77,159.41,181.99,146.09,122.83,132.85,131.26,153.64,230.28,186.02,140.52,256.57,164.08,130.46,151.14,170.32,192.9
1996-01-01,203.61,173.58,287.64,240.76,204.63,296.91,135.62,195.2,191.09,257.26,174.6,227.88,221.86,207.74,198.02,187.24,217.47,184.82,208.84,216.33,182.25,178.62,201.28,166.44,183.22,188.19,235.71,192.62,184.53,175.96,157.54,244.77,195.09,173.65,183.42,225.55,161.73,184.18,146.57,124.46,134.78,133.07,154.54,233.33,187.3,143.85,259.97,166.02,131.98,153.5,173.1,195.5
1996-04-01,201.02,172.52,285.93,238.86,207.02,297.36,135.38,197.71,196.39,251.64,175.81,225.02,222.09,210.83,199.75,188.18,215.07,186.56,209.57,213.81,180.61,180.32,200.69,166.78,184.9,189.99,232.89,193.44,186.54,175.25,158.83,239.77,194.36,176.02,183.4,222.1,162.02,185.9,149.29,125.24,136.44,133.83,155.3,230.76,186.94,142.57,258.25,169.54,132.96,156.0,172.52,191.61
1996-07-01,200.65,173.07,283.85,238.39,210.56,298.67,135.69,199.9,200.9,243.06,177.51,221.75,223.3,214.22,202.17,189.82,213.27,187.89,210.49,213.03,181.26,181.71,199.88,168.34,187.03,192.19,232.27,194.93,188.79,175.1,160.29,236.22,196.88,177.3,183.78,220.82,161.82,187.74,151.01,126.15,137.27,134.27,158.25,231.71,186.51,144.87,257.69,172.01,134.16,156.5,174.91,189.35
1996-10-01,201.69,174.03,283.58,238.28,214.35,302.53,136.18,202.65,203.58,239.67,179.49,223.11,225.18,217.76,203.74,191.37,215.85,189.77,212.56,214.44,182.73,183.96,201.53,169.75,188.62,194.39,235.93,197.76,189.58,177.13,161.28,237.93,197.96,179.34,185.9,220.9,163.5,189.67,152.32,126.9,139.29,134.37,159.3,233.74,187.47,144.83,260.21,172.96,134.24,158.5,173.98,190.63
1997-01-01,202.64,175.98,283.68,240.07,217.93,305.21,136.82,204.79,207.06,236.85,181.69,224.4,226.71,221.3,206.28,193.5,216.64,192.27,213.94,215.81,184.5,185.34,202.9,171.62,191.11,196.58,234.69,199.04,190.26,178.13,162.85,239.41,199.38,180.98,188.03,225.13,165.01,192.6,152.84,127.69,140.68,135.41,159.82,233.62,189.06,145.44,261.92,174.54,135.14,158.37,176.83,190.8
1997-04-01,204.69,175.94,287.04,240.93,219.15,309.72,137.83,207.45,211.54,230.5,183.61,225.47,229.67,223.88,208.89,195.72,215.57,193.78,215.49,215.66,184.78,187.25,203.19,172.5,192.78,198.27,236.82,201.55,190.96,178.29,164.69,237.66,202.03,182.64,189.24,222.42,166.51,193.62,155.14,128.31,141.64,137.72,160.92,233.99,189.95,145.87,264.12,177.94,136.67,159.69,179.72,192.57
1997-07-01,208.73,178.23,289.52,243.68,223.44,314.23,139.11,210.77,215.21,230.51,187.01,228.05,234.42,228.51,211.73,199.0,217.42,196.48,217.68,217.79,187.72,189.97,205.4,175.53,195.22,200.95,240.25,204.83,193.4,180.93,167.13,242.87,204.53,184.89,192.18,225.22,167.43,195.86,156.98,130.04,143.6,138.19,163.36,236.04,190.93,148.29,267.82,180.14,137.89,160.89,181.52,190.49
1997-10-01,212.38,181.31,292.44,246.08,227.36,318.98,140.76,214.05,218.26,229.82,189.64,230.34,237.53,231.31,214.78,201.84,219.94,198.9,219.69,220.04,190.0,192.39,207.44,178.19,197.91,202.95,243.78,207.57,196.91,182.15,168.56,245.58,207.58,186.74,194.67,225.37,169.67,198.29,158.83,131.88,145.94,140.32,165.76,237.79,193.06,150.46,271.22,182.51,139.92,163.01,184.07,190.91
1998-01-01,217.01,184.83,298.99,250.59,230.02,323.33,143.03,217.06,220.73,231.26,192.8,235.84,242.14,234.81,217.53,205.43,222.68,201.24,221.59,223.56,192.11,194.18,209.11,180.7,201.42,204.27,247.09,210.69,198.32,184.56,170.75,249.69,210.57,188.44,197.88,228.79,171.49,200.07,160.69,133.6,147.93,143.17,167.77,241.61,194.17,152.96,275.69,184.14,141.87,162.76,186.73,198.47
1998-04-01,221.75,184.63,301.25,251.48,232.22,330.1,144.06,219.69,224.93,231.12,194.2,235.94,245.66,236.11,219.03,207.27,222.47,203.13,222.47,224.02,192.91,195.89,210.06,182.2,202.88,206.64,249.04,212.85,198.05,184.7,172.93,248.49,214.68,190.27,199.43,228.75,171.47,202.41,162.31,134.75,149.26,143.17,170.4,242.36,193.93,154.15,278.77,185.33,141.8,165.49,187.67,199.81
1998-07-01,227.61,187.01,303.58,254.11,234.45,338.36,146.4,223.69,228.66,231.97,198.2,239.42,250.24,238.51,222.26,211.07,223.77,205.62,224.6,224.87,193.92,198.1,211.65,184.68,205.37,209.05,252.08,215.95,199.83,185.5,174.81,250.86,218.55,192.48,201.6,229.34,174.24,204.89,165.08,136.12,151.75,145.22,171.99,243.6,195.57,156.15,283.74,188.11,142.66,167.0,189.01,201.22
1998-10-01,232.0,189.73,307.67,255.99,236.69,343.34,147.98,226.42,230.79,231.12,200.51,242.53,253.08,240.73,224.37,214.2,225.98,207.85,226.29,227.88,195.31,199.84,213.71,186.82,207.72,209.81,255.78,218.85,201.98,186.8,176.97,253.77,222.39,194.17,204.11,232.57,176.17,207.57,166.83,138.39,153.19,146.82,173.7,244.95,197.69,156.86,287.8,190.32,142.88,166.78,188.92,206.96
1999-01-01,235.49,190.85,310.0,259.1,237.97,350.26,149.34,230.81,234.47,229.98,203.8,245.8,255.46,241.86,226.31,217.07,228.44,210.02,228.32,229.43,197.13,201.72,216.13,188.69,209.68,213.53,258.36,221.89,201.81,187.21,178.59,255.78,225.63,196.64,204.76,235.1,176.96,209.42,168.64,138.98,154.55,147.67,175.99,248.88,197.85,157.15,292.21,191.73,143.79,168.69,191.92,209.05
1999-04-01,239.5,192.34,315.75,262.73,237.03,361.74,152.24,237.89,239.56,228.18,209.9,248.82,259.88,243.24,228.68,220.36,229.34,211.85,231.03,230.08,198.07,202.76,218.88,191.11,210.2,216.95,263.89,224.98,203.98,186.95,181.2,258.16,232.21,199.69,205.57,236.83,177.18,211.78,171.94,140.34,156.15,147.17,178.4,250.58,197.62,157.72,298.91,195.32,145.87,172.32,194.24,213.59
1999-07-01,245.0,194.61,324.7,269.23,234.3,376.7,154.75,245.74,244.37,224.52,216.53,253.57,262.85,244.03,230.0,224.27,231.37,212.5,234.42,231.07,196.4,203.9,222.62,193.75,211.49,219.88,269.55,227.21,206.47,188.24,182.31,263.68,239.52,202.0,205.93,241.9,177.83,213.63,173.82,142.4,157.3,147.68,179.17,254.69,197.18,158.17,307.85,196.11,147.35,171.96,195.2,220.03
1999-10-01,250.19,196.97,330.84,272.1,235.36,385.57,156.54,250.0,247.38,224.53,219.37,256.66,264.93,244.92,231.11,226.85,233.97,213.91,236.76,232.15,195.82,204.92,225.61,195.61,212.32,221.12,272.09,229.12,205.99,188.49,183.52,268.31,244.01,203.98,207.57,245.04,178.49,215.38,174.9,142.43,157.74,146.49,179.0,256.04,198.01,156.9,313.24,197.41,147.84,172.04,196.34,226.16
2000-01-01,261.08,200.88,335.6,279.24,236.47,401.9,158.91,259.43,253.03,231.05,225.62,261.41,269.58,247.41,233.14,229.87,238.43,216.11,241.44,234.46,198.95,206.51,229.44,200.06,214.17,227.92,277.83,231.53,208.71,190.14,185.44,276.87,253.46,207.9,208.32,250.41,179.35,218.6,178.41,143.89,160.11,147.9,180.9,260.2,198.53,158.53,323.15,198.56,149.86,171.84,197.51,236.09
2000-04-01,268.09,204.44,345.65,285.9,236.46,414.85,161.56,265.82,256.59,230.65,232.31,268.53,272.36,249.09,236.06,233.63,240.98,218.73,245.57,237.91,198.83,208.24,234.17,202.25,215.36,229.1,285.48,234.36,210.29,192.55,187.89,285.26,262.26,210.44,210.04,254.28,181.09,220.59,179.77,145.61,160.72,148.88,182.19,264.69,199.26,159.72,332.71,201.34,151.35,174.01,201.21,244.76
2000-07-01,277.09,208.76,355.77,294.33,238.93,430.04,163.95,272.76,261.13,233.7,238.11,274.32,276.01,251.45,239.1,237.44,245.41,221.4,249.62,240.39,200.51,211.09,238.33,204.96,217.5,232.47,291.96,237.17,213.52,194.31,190.39,294.26,271.92,213.85,211.69,259.62,182.13,222.49,182.35,147.97,162.63,150.17,184.95,269.75,200.53,161.44,342.69,203.21,152.92,175.15,204.73,252.38
2000-10-01,285.66,213.12,361.18,298.81,242.31,440.42,165.87,278.87,264.88,239.12,242.71,278.1,279.56,254.13,241.73,241.3,249.2,224.25,252.45,243.26,202.59,213.0,242.36,208.08,219.44,235.3,297.74,240.43,216.58,197.12,191.8,299.73,279.4,216.44,214.4,264.38,184.58,225.31,184.15,148.95,164.03,151.48,186.29,273.28,201.62,162.64,349.79,204.7,156.23,175.6,204.89,257.09
2001-01-01,296.7,219.28,369.35,305.58,247.72,452.28,170.56,286.68,269.04,246.96,249.14,284.97,286.35,261.05,246.97,248.06,254.96,228.53,255.75,249.54,207.86,217.49,248.46,212.74,224.92,238.86,306.27,246.66,220.89,201.5,195.89,305.67,285.7,220.09,220.64,268.88,189.21,229.68,187.79,152.38,168.27,155.79,190.99,279.15,206.49,166.82,358.57,207.36,157.37,178.73,209.26,267.9
2001-04-01,305.78,224.8,377.54,314.26,248.27,466.01,172.82,292.51,272.53,250.59,255.85,291.09,290.22,263.52,249.14,251.12,259.95,230.87,260.2,253.52,210.16,219.29,254.24,216.02,226.06,242.1,312.08,249.44,223.46,204.07,197.99,316.15,295.46,223.4,221.56,274.15,190.33,231.73,190.04,153.88,169.98,157.35,192.21,283.89,208.13,167.96,368.18,209.65,160.32,182.44,212.4,280.25
2001-07-01,312.21,229.96,387.91,323.36,248.49,481.57,174.09,297.91,276.14,254.76,263.59,298.23,293.18,265.89,251.12,254.33,266.83,233.05,265.03,256.91,211.21,220.8,259.92,219.14,227.48,245.32,321.4,251.3,225.54,207.88,199.3,328.34,305.82,226.66,223.16,280.77,192.29,233.65,192.15,155.51,171.57,158.05,194.08,289.54,209.34,169.36,379.53,211.44,162.77,185.01,214.2,291.88
2001-10-01,316.6,235.5,394.75,329.75,251.09,491.4,176.04,300.33,278.41,258.83,267.09,303.43,295.12,268.17,253.41,257.63,271.15,234.96,267.49,260.17,213.7,222.79,263.51,221.26,230.18,247.16,326.4,254.23,227.17,210.5,201.75,335.3,311.26,228.92,225.68,284.14,194.23,235.52,193.86,157.29,173.18,159.6,195.74,293.51,210.74,170.59,386.51,213.15,164.84,185.35,215.15,300.78
2002-01-01,325.06,240.19,404.42,339.29,250.66,505.68,176.56,303.84,281.86,262.8,272.64,309.92,298.74,271.59,254.97,259.84,277.91,236.93,272.11,264.17,214.09,224.44,268.67,224.27,231.24,251.22,333.66,255.7,232.18,213.55,203.53,348.21,319.72,232.63,226.06,289.98,194.97,237.37,196.43,158.15,174.17,160.5,196.4,298.61,212.01,172.65,396.68,214.84,167.97,188.28,218.12,310.3
2002-04-01,336.09,247.51,417.22,351.94,250.16,524.29,178.05,307.17,284.98,268.65,279.94,318.8,302.35,273.5,256.05,261.79,287.04,238.55,276.93,268.79,215.18,225.1,276.23,227.25,231.65,254.69,344.08,257.13,234.23,217.02,204.52,365.32,331.1,235.71,227.23,296.6,195.85,239.0,198.34,159.68,175.56,162.34,195.73,306.24,214.9,174.12,410.19,216.21,170.31,193.69,221.06,321.58
2002-07-01,348.74,254.5,429.85,363.65,253.3,539.66,180.83,311.55,287.61,276.94,286.0,327.47,306.04,278.19,259.6,266.08,295.98,240.92,280.5,274.34,218.47,227.55,283.3,231.12,235.04,257.36,353.83,261.19,238.71,221.75,207.1,379.26,341.38,238.64,230.6,301.74,199.03,241.52,200.31,161.88,178.62,163.69,199.37,314.05,218.12,178.04,422.01,218.28,173.37,194.93,223.69,336.45
2002-10-01,358.94,260.26,439.14,372.09,254.64,551.86,182.72,313.46,289.44,280.55,290.39,334.36,308.64,280.41,261.34,269.15,302.03,242.49,283.68,279.1,220.7,228.59,287.19,233.79,237.12,259.22,360.32,263.41,240.98,224.25,208.85,391.17,349.08,241.53,233.28,304.38,201.5,243.8,201.89,163.79,181.25,166.07,201.33,319.12,220.17,179.91,431.08,219.7,175.1,194.48,225.05,346.47
2003-01-01,367.22,265.82,448.97,378.96,255.29,562.77,183.59,314.34,291.63,288.59,294.4,338.58,311.17,283.33,263.51,271.22,307.81,244.27,286.66,282.29,222.76,230.43,291.54,236.58,238.69,261.91,367.13,264.89,243.53,228.29,210.19,402.75,354.51,243.64,235.66,307.82,203.03,245.84,203.44,164.82,183.22,166.49,202.58,323.84,222.85,181.16,438.72,220.88,177.16,195.81,227.0,354.36
2003-04-01,374.11,272.23,459.87,385.6,256.24,571.9,184.77,315.7,293.89,295.59,297.82,344.17,313.83,285.95,265.25,273.05,314.47,246.03,289.58,285.96,224.63,231.55,296.27,239.04,240.71,264.24,372.32,267.58,248.51,232.79,211.77,412.31,360.04,245.36,237.74,312.89,204.32,247.75,204.88,166.93,185.11,168.22,204.23,330.69,225.45,183.89,445.96,222.11,181.1,198.89,228.23,361.2
2003-07-01,386.79,278.76,466.92,397.33,256.95,582.64,185.38,317.13,296.5,304.03,304.78,352.39,317.74,289.99,266.57,274.71,324.04,248.03,293.67,291.89,226.43,233.18,303.37,242.73,242.27,268.22,383.13,269.16,254.05,239.48,214.39,429.53,369.37,248.39,239.35,321.11,206.78,249.83,206.37,168.06,186.81,170.51,205.25,338.31,228.08,186.45,456.71,224.51,183.62,203.41,232.36,372.56
2003-10-01,411.53,291.72,488.83,417.51,257.15,607.59,186.51,320.75,300.82,321.28,315.78,365.28,325.79,297.32,268.96,278.29,341.56,251.45,302.84,300.52,229.52,235.24,315.67,250.89,244.92,277.03,397.44,271.66,260.72,253.77,217.75,457.67,383.91,254.06,240.93,337.66,209.91,253.46,209.65,169.68,189.92,172.06,206.81,351.09,233.01,189.96,476.04,228.14,187.15,211.4,237.26,392.31
2004-01-01,424.8,300.61,499.16,426.12,259.65,617.81,187.4,323.16,302.83,336.39,319.58,371.63,330.73,301.1,272.04,282.12,351.09,253.0,306.13,305.78,232.27,236.55,323.74,255.27,246.91,279.18,406.53,274.81,265.21,267.22,219.4,468.53,389.62,257.09,243.15,342.08,212.56,256.53,211.6,171.7,192.07,174.92,208.82,362.15,235.57,192.05,484.53,229.3,190.81,212.66,237.88,407.64
2004-04-01,451.4,314.74,513.8,439.56,262.1,632.33,189.32,325.66,304.92,355.7,325.83,383.71,340.59,310.13,274.51,284.0,367.55,254.49,313.12,313.8,238.34,237.31,336.21,264.38,249.71,284.85,418.19,277.17,271.77,291.47,221.68,489.75,400.05,260.37,244.71,352.16,216.05,258.76,213.8,173.19,194.98,178.29,211.15,370.11,240.82,195.06,498.35,232.6,195.85,217.78,242.2,428.09
2004-07-01,497.29,334.45,538.85,469.09,265.43,662.78,190.83,330.17,309.1,389.51,336.77,403.12,354.83,323.85,277.41,287.88,394.54,257.41,323.41,326.71,246.49,240.0,357.6,279.81,253.25,295.35,438.14,282.43,281.19,328.73,224.76,524.17,417.64,266.39,249.23,374.74,219.64,261.83,216.04,174.55,198.26,181.45,213.93,392.33,246.84,201.11,523.62,237.22,203.18,229.08,247.14,457.79
2004-10-01,516.41,349.75,552.47,481.01,270.62,673.83,193.03,333.38,312.47,403.7,341.71,410.91,363.02,331.39,282.13,292.41,408.16,260.07,328.01,334.02,252.87,242.58,370.05,291.28,256.33,298.81,447.34,287.73,287.72,341.25,227.26,537.56,425.88,270.01,252.91,382.24,223.48,266.83,218.67,177.47,200.98,184.82,216.88,404.32,251.78,205.19,533.56,239.16,206.94,231.41,250.52,482.28
2005-01-01,538.98,368.44,567.14,495.33,275.56,688.2,194.0,336.89,315.04,423.02,348.35,421.33,374.63,341.41,286.61,296.21,426.27,262.36,334.74,340.95,259.04,244.23,384.75,308.97,259.82,304.28,460.31,292.63,294.94,354.89,229.89,548.65,437.1,274.56,256.2,393.92,226.61,268.69,220.88,178.68,203.19,189.02,218.21,415.46,257.15,206.42,546.52,240.8,211.4,237.24,253.96,504.16
2005-04-01,570.55,395.99,585.9,516.79,284.31,704.51,197.16,341.84,316.79,447.9,355.45,435.41,394.6,359.61,290.41,300.13,452.15,264.44,342.58,352.63,270.79,246.35,406.59,340.83,265.55,309.7,470.63,297.72,306.69,373.76,232.66,570.96,447.48,278.58,262.32,407.3,231.84,272.39,223.93,181.58,207.39,194.91,222.48,433.04,268.33,212.91,561.63,244.25,217.96,246.12,260.0,533.78
2005-07-01,599.06,423.56,605.1,536.65,294.84,715.64,200.33,347.19,319.47,475.77,361.97,447.53,412.14,379.68,297.03,305.21,475.59,267.02,349.77,364.23,286.86,250.04,426.15,369.8,270.91,315.7,482.97,305.21,315.8,386.95,236.4,583.76,458.31,283.61,267.84,422.03,237.01,276.91,226.6,185.01,211.36,201.7,227.04,452.71,278.67,217.78,574.28,247.76,226.01,254.9,263.99,565.88
2005-10-01,625.79,445.86,618.77,552.97,304.6,720.87,202.68,350.58,318.7,502.72,366.06,456.57,429.37,396.17,303.31,309.23,494.73,267.36,356.13,371.78,300.03,250.54,438.06,395.52,275.25,318.78,490.62,311.97,326.2,401.25,238.15,592.74,463.64,286.79,273.31,430.66,240.25,278.29,227.7,187.18,218.55,204.4,232.19,462.2,286.92,220.53,581.9,247.01,232.14,262.64,268.21,594.02
2006-01-01,638.77,463.25,629.8,563.6,314.99,721.43,205.09,351.61,317.4,520.83,367.9,462.55,444.73,410.45,308.29,312.41,508.39,267.39,360.82,378.46,310.6,250.62,447.92,410.27,279.77,321.23,494.93,316.34,332.85,410.35,238.13,598.18,467.22,289.54,278.81,436.47,243.79,280.91,228.82,188.51,225.12,208.62,235.99,471.58,295.56,221.48,585.86,247.05,238.73,266.99,267.99,603.33
2006-04-01,644.62,473.16,631.74,570.11,328.23,712.64,208.3,353.46,312.2,525.46,365.9,464.82,460.08,427.13,312.5,314.26,518.82,266.29,363.64,382.68,322.44,250.16,456.32,418.98,285.16,320.81,492.29,321.6,343.2,410.99,239.61,598.16,464.61,289.91,283.41,446.48,247.13,281.87,230.83,190.97,230.98,206.64,242.91,480.63,306.13,228.03,583.72,249.56,246.42,273.44,272.52,610.89
2006-07-01,646.72,476.54,631.07,573.62,342.74,707.33,211.4,355.01,309.82,535.43,366.19,465.26,473.67,438.31,317.78,316.81,525.84,265.69,366.38,387.05,331.3,251.57,459.17,422.62,288.81,322.35,495.43,326.34,351.72,412.39,241.04,596.58,462.65,292.68,287.97,448.19,249.81,283.03,232.78,192.4,235.83,209.35,247.65,485.22,313.62,230.72,582.37,250.6,254.27,278.67,277.14,616.71
2006-10-01,642.99,479.81,639.16,576.46,355.79,709.26,214.3,358.36,311.4,533.65,370.15,467.95,483.86,446.57,323.57,322.76,532.65,266.72,370.45,391.6,339.49,254.16,465.64,426.27,294.13,326.29,503.03,334.5,358.49,411.27,242.97,596.2,465.72,296.09,293.48,455.14,252.01,286.13,234.97,195.17,239.66,211.71,252.14,494.13,320.94,231.18,585.88,250.79,260.94,280.18,278.01,627.05
2007-01-01,634.21,476.86,642.3,577.31,366.67,703.82,217.1,359.21,308.87,540.5,372.15,471.05,492.53,451.64,328.72,325.37,534.36,266.79,372.7,395.04,344.45,254.93,467.67,424.49,296.91,327.63,506.31,336.45,365.28,408.5,243.85,595.97,464.39,297.51,295.42,458.46,254.32,288.55,236.34,197.59,242.24,213.05,255.92,494.37,325.86,236.09,585.58,251.77,267.08,284.19,281.07,632.61
2007-04-01,623.58,470.6,640.13,573.61,375.62,693.82,220.74,360.19,303.19,542.02,368.11,467.39,498.15,456.77,331.82,326.43,535.37,265.23,371.49,396.67,345.18,255.75,468.88,420.84,300.5,327.05,502.88,338.92,370.3,400.0,245.96,584.93,461.24,297.9,299.51,458.09,255.83,289.33,238.93,198.41,244.65,212.73,255.99,498.04,328.39,238.81,579.48,253.59,274.39,286.96,283.79,632.33
2007-07-01,600.28,453.76,630.95,566.64,380.26,680.22,221.46,357.85,293.57,538.72,360.43,463.65,499.42,454.52,333.15,324.36,527.66,262.26,368.48,394.88,345.68,254.71,462.95,411.5,300.83,325.35,499.8,338.59,373.87,386.61,245.84,573.91,453.88,296.26,300.23,458.89,255.49,288.91,238.31,201.09,245.86,213.05,256.05,493.09,329.11,240.44,571.74,252.58,277.89,285.94,285.88,633.81
2007-10-01,575.81,442.43,632.91,564.16,383.25,680.26,223.12,358.74,292.38,536.72,359.05,462.88,502.2,456.11,335.67,326.52,524.78,262.21,369.69,396.59,345.82,255.16,461.78,404.61,302.94,327.04,506.0,343.15,376.32,376.57,247.21,571.39,453.32,297.53,302.54,457.15,256.67,292.01,238.43,202.86,246.78,214.81,259.4,493.76,330.52,241.11,572.11,252.06,279.42,285.4,288.15,626.63
2008-01-01,543.52,424.69,636.22,560.42,382.28,676.79,224.4,360.66,291.58,531.71,360.59,462.37,500.84,453.45,338.53,326.84,516.75,263.43,368.1,399.39,347.24,257.11,459.38,391.21,304.21,327.83,508.14,345.46,380.14,355.81,248.6,565.26,453.6,297.89,304.46,463.58,256.46,293.33,240.07,203.95,247.38,215.12,259.71,490.43,331.49,245.31,571.19,254.03,280.91,285.25,291.28,614.24
2008-04-01,498.64,395.38,624.24,544.4,376.17,655.36,225.07,358.5,279.59,520.69,349.56,451.51,490.99,445.35,337.9,321.86,498.91,259.39,360.62,394.4,339.26,255.17,446.32,368.64,303.08,322.92,499.89,343.69,377.92,327.2,247.21,542.73,441.94,293.85,303.22,457.45,255.67,293.2,238.54,205.09,247.05,214.51,257.64,483.78,327.65,246.38,556.01,252.08,281.64,285.72,291.78,598.3
2008-07-01,460.8,363.31,608.03,528.86,364.77,639.02,224.31,351.47,268.26,505.04,339.06,437.57,476.4,430.84,333.9,313.02,478.68,252.97,348.49,387.64,329.83,251.25,434.03,341.63,298.54,317.19,488.33,337.52,371.98,294.3,245.32,517.78,426.63,289.04,300.96,454.31,252.65,288.71,235.68,203.37,243.97,210.99,253.01,472.58,319.72,246.48,540.71,249.81,279.79,281.98,291.41,584.41
2008-10-01,444.94,344.75,602.29,523.34,363.93,639.84,224.7,352.51,265.47,496.02,337.99,433.89,471.38,424.59,333.71,311.69,471.49,253.49,347.35,387.12,329.78,250.86,430.48,329.59,299.85,317.84,485.19,338.51,375.55,278.76,246.41,511.72,424.95,289.68,302.51,453.62,253.96,290.53,236.14,203.6,244.73,209.16,255.55,467.13,318.93,248.52,538.75,251.08,279.47,284.7,293.41,577.79
2009-01-01,440.93,350.47,609.45,521.88,361.05,640.14,227.34,359.03,271.03,493.01,343.98,437.34,467.69,422.06,337.52,318.51,466.79,258.11,345.89,391.02,330.71,254.75,432.16,328.58,302.43,319.35,489.57,342.63,377.24,277.04,248.82,514.82,426.44,292.03,304.7,454.07,256.17,293.03,238.93,206.86,247.97,212.55,256.32,469.55,321.82,250.2,540.98,253.12,279.6,285.31,296.09,580.02
2009-04-01,420.82,332.53,596.36,505.04,347.37,624.31,225.82,353.17,260.48,472.41,334.01,423.14,447.76,405.8,331.78,308.76,448.65,252.26,335.98,385.22,319.59,250.7,421.34,305.11,299.37,314.55,478.56,338.33,372.35,257.22,247.25,491.78,414.14,287.34,301.41,447.75,253.0,290.18,237.26,205.07,246.15,209.94,253.85,455.57,313.23,249.92,526.11,252.01,279.26,282.56,294.89,562.91
2009-07-01,411.52,313.46,582.19,492.3,332.64,613.68,223.61,344.85,248.69,458.92,320.55,412.44,432.9,391.77,324.05,296.21,437.54,247.24,325.41,377.95,305.74,246.31,411.93,289.36,292.46,307.56,467.78,328.27,363.52,239.3,245.84,479.35,400.96,280.61,294.22,444.97,248.91,286.78,235.48,203.85,242.78,205.87,249.0,444.65,306.97,249.65,514.94,249.53,272.63,281.3,291.55,557.84
2009-10-01,412.85,305.55,577.02,488.58,328.72,614.68,223.05,343.92,244.38,452.37,316.25,411.1,427.08,384.67,320.22,291.91,429.93,246.83,322.22,376.63,300.59,246.27,408.83,280.76,289.64,306.65,462.61,324.51,361.0,232.07,245.21,479.65,398.55,279.35,293.32,441.04,247.89,286.75,235.03,204.42,243.11,204.75,247.56,440.74,304.33,251.8,513.55,249.34,270.44,282.76,290.39,565.47
2010-01-01,409.81,299.73,573.31,485.84,323.74,611.01,221.63,340.04,239.6,451.97,311.48,406.29,419.69,377.77,314.91,286.26,426.65,244.06,316.93,374.15,290.86,242.89,403.37,272.9,286.88,302.73,459.6,320.34,354.31,223.24,243.28,471.9,394.78,277.2,289.1,440.75,244.53,284.84,233.3,202.89,240.91,205.03,244.84,437.87,303.75,251.64,509.35,247.09,265.85,278.49,288.51,559.02
2010-04-01,408.6,291.42,569.7,482.18,319.11,609.24,221.79,336.09,235.77,448.86,308.66,401.81,414.88,372.3,312.34,280.1,421.41,242.2,313.23,372.19,286.01,243.12,400.67,263.34,285.53,301.0,453.92,315.25,350.44,215.45,244.14,465.07,392.14,275.38,284.81,439.64,245.31,283.62,232.82,202.67,239.71,204.42,241.71,433.24,298.47,251.59,505.64,248.84,267.18,280.88,288.17,561.53
2010-07-01,410.84,294.83,577.78,485.46,321.81,612.8,223.18,340.29,239.87,451.56,315.61,406.36,414.76,372.44,314.43,282.95,426.79,245.49,316.48,376.67,284.97,246.31,404.76,262.99,289.66,304.15,459.2,319.82,355.12,216.92,246.45,472.36,396.55,278.28,288.65,440.44,246.11,287.61,235.41,204.69,242.67,205.74,244.57,432.9,300.17,253.79,510.17,251.1,266.95,282.67,292.78,570.27
2010-10-01,406.31,289.54,577.58,484.43,320.1,612.55,222.21,338.8,239.27,451.81,311.48,407.02,407.4,366.87,312.7,279.14,422.71,244.45,314.33,375.73,278.08,245.82,402.56,256.46,287.57,302.22,460.23,317.25,353.83,211.14,246.43,471.32,394.28,276.49,286.24,441.81,245.06,287.23,235.31,204.08,242.21,207.24,242.72,429.55,297.19,256.6,510.14,249.77,267.12,283.4,292.95,569.92
2011-01-01,391.81,275.72,568.9,473.0,305.85,603.69,218.95,330.22,229.53,442.51,298.52,396.56,393.71,351.54,305.64,268.95,409.92,236.96,303.6,369.89,262.9,240.37,393.12,242.0,280.74,295.55,452.82,308.87,343.04,199.62,244.13,459.84,385.42,269.46,278.74,438.87,241.12,283.08,231.5,199.95,238.57,202.79,237.55,418.96,289.65,258.08,500.74,247.6,263.45,283.26,291.23,562.23
2011-04-01,385.53,267.34,560.86,463.47,299.26,596.75,217.88,324.41,225.71,442.99,291.74,389.22,383.75,341.29,299.52,257.35,401.82,233.41,297.36,364.76,253.3,238.31,388.28,230.12,277.14,290.61,445.25,301.35,341.92,186.02,242.62,444.35,378.64,265.34,275.01,433.36,239.43,280.29,228.02,199.93,237.56,199.76,237.62,406.97,284.33,261.49,492.69,246.73,260.41,282.57,288.74,570.52
2011-07-01,387.13,270.14,558.29,462.03,304.75,599.94,219.73,327.7,230.32,446.12,295.52,390.41,384.93,344.37,300.97,258.93,407.86,236.34,299.53,365.3,258.45,241.15,391.56,232.04,280.28,293.29,448.92,303.92,343.18,184.95,244.93,445.22,380.75,269.05,277.2,434.46,241.61,282.53,230.64,199.45,237.77,203.11,239.85,403.05,285.29,264.5,495.06,249.18,263.9,283.51,291.71,572.63
2011-10-01,385.95,272.58,562.65,462.17,306.14,600.69,219.91,330.64,232.1,446.01,298.45,393.46,385.26,347.78,302.16,258.31,409.76,237.04,299.44,366.71,262.95,242.44,394.3,237.19,281.04,294.36,451.75,307.05,344.99,185.16,246.01,448.18,382.51,270.34,279.34,440.09,242.81,283.57,232.57,202.38,240.82,204.21,241.2,408.19,286.63,266.96,497.49,250.8,263.93,285.44,293.37,579.16
2012-01-01,381.65,267.13,558.39,455.85,305.42,596.88,219.83,328.88,227.59,447.68,292.98,386.88,379.06,341.65,297.87,251.67,403.89,234.22,295.63,363.68,260.8,240.25,389.97,236.14,278.63,291.61,446.63,301.98,346.73,183.62,245.97,441.3,377.07,267.98,276.43,438.47,242.22,283.28,230.87,202.49,239.6,202.42,238.64,405.06,281.47,269.02,492.14,250.48,264.59,283.46,293.33,583.12
2012-04-01,382.29,265.19,552.63,449.78,303.8,595.16,221.33,329.73,226.47,444.42,291.02,382.9,375.8,338.13,294.32,247.25,399.94,233.07,291.85,361.97,257.81,239.8,387.43,239.03,277.44,289.21,442.04,300.46,346.12,182.59,245.9,433.34,373.95,265.43,274.51,436.47,239.77,282.27,229.7,202.21,240.12,202.97,237.42,396.5,279.67,276.45,488.53,250.83,265.09,282.65,294.97,586.77
2012-07-01,391.22,271.62,554.5,452.28,310.23,599.2,223.26,335.13,231.0,452.78,295.7,383.94,382.66,345.49,297.35,250.36,405.38,235.27,295.23,363.94,263.51,241.93,392.25,248.81,280.52,291.94,443.24,302.83,349.42,187.27,247.84,435.04,375.92,268.35,276.41,437.8,243.14,284.51,232.01,203.85,243.69,204.03,239.66,399.46,281.79,281.07,490.82,251.99,267.12,285.78,296.48,596.75
2012-10-01,399.54,275.31,556.27,453.29,315.59,602.09,224.87,338.17,234.18,457.2,298.94,385.25,387.29,351.12,298.61,253.36,406.88,234.72,295.27,364.94,267.18,242.56,393.83,256.29,281.0,291.94,444.02,303.0,354.08,192.29,248.87,437.42,377.24,268.68,276.89,437.91,244.7,285.64,232.23,205.09,243.67,204.74,238.13,402.13,282.11,288.44,492.64,253.28,269.37,287.95,300.21,607.95
2013-01-01,407.96,279.09,557.01,453.16,318.35,603.86,226.54,342.31,236.76,459.93,300.1,383.41,390.05,353.74,298.05,253.69,406.87,233.66,293.38,365.12,269.8,242.55,393.4,262.58,281.23,290.96,446.89,302.45,357.3,198.62,249.28,435.11,376.14,267.51,274.13,439.74,245.38,285.47,233.26,205.09,243.25,204.27,238.44,402.52,283.46,293.31,492.88,254.75,270.5,291.25,303.18,617.83
2013-04-01,426.7,288.38,558.51,453.95,327.33,609.04,230.62,349.3,241.73,470.1,305.72,381.66,397.24,363.55,299.54,259.66,410.6,234.38,295.2,366.33,272.59,242.97,397.14,274.41,283.8,290.81,448.93,303.36,359.83,211.02,250.94,435.77,376.85,268.46,274.78,435.82,245.74,286.26,231.85,206.99,244.73,205.13,237.92,402.76,283.18,299.78,494.22,257.53,272.89,291.96,304.38,635.91
2013-07-01,447.7,295.75,561.3,454.48,334.94,615.99,234.53,357.84,247.3,478.76,312.13,381.2,405.63,373.72,300.2,263.11,412.17,235.54,295.81,367.88,281.2,243.76,397.9,282.56,284.51,290.98,446.03,303.83,364.79,224.21,251.95,436.23,381.29,268.81,274.25,437.69,246.49,285.8,234.38,207.88,246.4,207.2,238.57,404.22,282.98,310.83,496.64,258.88,273.05,294.78,308.58,656.93
2013-10-01,462.56,303.35,560.34,455.43,339.31,619.13,237.22,360.87,249.26,490.1,312.41,378.14,409.6,378.33,299.45,266.53,412.9,235.28,296.88,367.09,281.4,243.9,397.83,290.47,286.08,289.77,443.99,303.21,365.6,234.11,252.11,433.79,381.5,268.18,273.16,436.24,246.06,284.55,233.65,207.35,245.99,209.02,237.02,407.17,284.27,315.32,496.12,260.53,273.78,296.09,309.91,659.93
2014-01-01,472.2,307.66,560.77,457.93,341.34,623.09,241.27,365.9,251.64,493.69,314.31,376.82,414.04,383.82,301.06,270.43,414.11,235.67,297.68,367.12,285.72,243.61,399.31,295.98,287.56,289.17,445.89,304.29,369.77,239.77,251.85,435.96,385.37,268.77,274.91,432.95,247.46,284.77,234.58,209.85,246.85,208.16,239.08,406.35,282.88,318.28,497.74,260.72,277.36,293.35,309.44,674.54
2014-04-01,484.98,315.99,566.52,462.92,347.82,636.91,247.37,378.48,259.21,500.93,322.27,379.89,424.99,396.4,305.1,276.9,420.68,240.86,303.21,371.81,291.34,247.54,405.53,301.27,293.45,293.74,449.86,309.35,372.25,247.58,255.24,443.32,388.13,273.53,275.65,438.17,247.45,289.2,237.89,211.57,249.4,209.57,239.47,409.85,285.1,322.73,504.97,266.38,278.69,299.4,314.63,690.37
2014-07-01,495.11,322.76,574.72,467.26,351.67,644.17,251.85,386.85,265.05,511.39,325.48,382.45,434.27,403.24,308.11,282.2,423.52,243.61,307.43,374.47,295.45,250.13,408.52,304.4,296.02,297.0,457.37,312.98,380.4,256.66,258.01,451.02,394.16,275.74,278.65,439.36,249.6,290.48,241.38,214.31,253.13,211.83,241.95,414.79,287.65,330.53,510.7,268.84,282.89,303.19,317.27,697.6
2014-10-01,500.73,328.64,578.01,469.29,355.79,648.47,254.86,392.57,267.25,518.28,326.54,382.11,438.61,407.43,309.2,284.17,427.18,244.6,308.66,375.24,296.74,251.21,411.84,309.4,300.09,298.46,455.6,315.36,382.46,260.14,259.22,454.04,395.72,278.16,279.98,438.68,252.37,292.6,241.28,215.3,253.66,212.39,244.75,413.39,288.19,335.45,512.08,270.54,284.82,302.14,320.19,713.45
2015-01-01,505.96,336.05,583.41,473.29,359.32,654.19,258.61,400.09,268.47,530.03,327.41,386.99,444.55,413.92,314.19,288.4,429.7,246.0,312.04,379.33,302.14,254.09,414.04,312.03,302.7,300.47,461.65,321.12,384.97,266.2,260.24,458.42,399.22,280.45,282.95,442.44,252.44,295.41,243.26,217.17,257.13,211.82,246.55,420.24,289.62,338.89,517.41,272.33,287.01,305.03,323.2,719.6
2015-04-01,517.32,344.27,588.22,476.96,365.27,662.02,265.11,416.71,274.18,533.66,334.32,388.16,457.64,428.08,317.85,295.25,432.66,249.99,314.77,381.73,307.57,257.33,417.57,318.7,306.35,303.51,464.7,324.55,391.15,274.59,263.6,467.43,405.54,282.71,283.79,447.07,253.29,299.0,246.19,220.36,259.26,217.08,246.81,419.35,290.57,341.6,522.56,277.05,288.09,308.21,327.32,731.05
2015-07-01,530.5,352.74,593.17,477.76,372.43,672.83,270.78,431.69,278.96,541.1,339.36,385.86,470.36,441.46,320.4,298.96,432.58,252.61,315.88,383.48,314.03,258.14,419.16,325.19,311.73,306.02,467.02,327.63,394.26,282.04,266.03,469.69,410.44,285.43,285.51,446.42,256.88,300.63,249.08,222.59,262.21,215.67,249.59,422.08,293.74,348.18,526.35,281.72,294.71,311.99,330.71,747.86
2015-10-01,537.82,359.73,594.03,478.61,377.45,676.72,273.09,437.69,280.25,548.47,340.18,385.3,478.37,448.54,323.29,301.45,433.65,253.27,317.31,383.93,318.8,259.98,420.97,329.71,314.5,307.87,470.04,331.43,398.28,289.06,267.66,472.83,410.95,288.54,287.44,445.23,258.92,303.08,249.21,223.77,262.38,216.96,251.19,423.88,292.65,348.79,528.06,282.69,293.83,312.74,334.41,763.34
2016-01-01,544.87,366.44,597.16,481.54,382.99,684.12,277.0,445.49,282.44,562.53,342.13,385.56,487.83,458.32,327.08,304.31,437.42,254.45,318.76,385.64,323.25,260.07,420.16,333.64,318.61,310.63,474.06,334.31,402.01,292.49,269.24,474.32,414.37,290.88,288.01,444.68,257.51,304.62,251.38,224.06,265.03,218.05,252.05,424.73,294.57,349.26,531.61,282.45,293.9,313.42,337.23,769.35
2016-04-01,554.51,375.76,606.76,487.26,391.64,693.6,284.11,461.15,288.62,565.53,349.93,387.4,505.29,474.98,332.2,312.72,442.22,258.99,323.02,391.62,329.04,265.12,427.25,340.61,324.56,314.98,478.41,339.87,403.95,300.01,271.94,484.16,419.94,294.69,292.18,450.91,261.41,310.07,256.35,226.22,268.55,218.79,253.73,428.95,299.41,351.46,537.73,288.33,296.47,315.57,340.23,785.95
2016-07-01,566.65,386.06,615.1,492.06,400.77,706.0,289.84,473.73,294.16,576.76,355.26,390.88,520.63,489.34,338.78,318.51,447.94,264.18,327.66,395.76,339.99,268.97,431.26,346.26,330.51,319.36,488.71,347.87,410.23,308.79,275.82,492.82,427.3,299.39,296.69,455.81,264.16,313.4,260.2,228.3,271.06,220.09,254.77,433.41,301.08,355.15,546.25,293.73,298.88,317.49,346.86,791.65
2016-10-01,573.47,392.41,620.53,493.78,405.47,712.42,292.87,480.52,296.3,582.37,357.2,391.01,528.0,497.02,340.45,321.21,449.42,263.8,328.52,396.71,341.56,270.51,433.09,351.89,334.94,321.39,493.13,348.53,412.49,312.64,277.11,500.66,429.54,300.74,295.82,454.45,265.55,315.36,261.97,228.41,272.58,221.51,259.22,436.86,305.54,354.68,549.74,294.58,298.61,315.38,348.9,805.8
2017-01-01,579.44,399.71,622.27,488.81,412.64,716.19,296.74,488.66,300.0,582.76,360.7,385.69,537.48,502.48,341.81,323.43,447.19,265.14,327.26,397.51,348.27,271.12,432.4,357.05,338.85,324.39,496.77,352.49,419.96,317.18,279.03,503.36,432.36,302.05,297.42,455.99,268.48,318.16,261.63,231.35,271.02,219.13,258.93,435.4,304.49,356.51,550.37,298.17,297.51,317.21,351.92,803.19
2017-04-01,591.48,409.49,632.25,496.81,426.29,734.94,305.72,505.8,308.23,590.8,371.18,391.06,558.54,518.18,352.03,332.02,455.45,272.73,331.45,404.73,361.81,276.17,441.16,366.24,347.37,332.12,500.94,358.91,424.27,327.06,282.78,512.46,442.47,308.36,301.04,460.82,269.82,324.47,268.69,234.27,274.55,220.79,259.21,438.13,307.23,355.78,560.88,306.63,300.41,317.87,359.49,823.33
2017-07-01,603.23,416.71,644.67,503.37,436.23,745.29,310.16,513.87,314.26,599.7,376.34,393.5,575.04,527.37,356.77,336.98,459.0,276.2,335.38,409.78,369.79,281.05,443.71,374.01,354.27,336.26,510.82,365.7,432.32,338.72,286.27,522.61,450.1,312.04,303.94,461.51,272.74,328.98,271.27,235.44,278.2,221.86,261.99,438.89,312.7,359.59,568.18,310.13,301.66,321.46,364.52,833.96
2017-10-01,611.89,424.81,650.8,504.63,442.14,751.25,312.88,521.03,316.1,603.22,377.74,393.34,583.47,530.55,358.46,340.36,461.82,277.01,336.03,410.87,375.4,283.19,445.49,378.33,358.91,336.81,516.47,367.69,434.2,346.87,287.41,529.19,453.62,314.45,305.88,468.32,275.0,329.71,272.19,236.62,279.19,225.37,263.37,443.01,313.78,357.99,572.22,311.88,304.42,321.66,365.62,839.8
2018-01-01,622.35,433.37,657.8,507.79,451.26,759.85,317.16,534.88,320.09,609.33,383.1,391.75,597.14,538.06,365.11,348.11,464.36,280.98,337.7,415.52,387.65,287.86,449.97,386.22,364.4,341.53,522.18,375.65,441.4,357.76,288.57,539.45,460.39,319.09,309.36,470.82,277.7,334.14,276.35,237.32,279.28,224.72,265.87,449.28,315.4,359.38,576.97,315.09,309.62,321.12,370.47,850.01
2018-04-01,634.2,441.69,665.83,512.25,466.41,774.21,324.13,548.61,328.0,615.6,391.91,394.71,618.32,551.46,373.35,356.35,468.78,286.85,339.86,421.14,404.92,294.73,455.46,394.3,372.48,350.01,531.27,380.47,450.6,373.05,294.05,546.53,469.42,324.07,313.9,476.89,280.4,338.55,281.41,240.53,279.99,228.23,265.55,452.29,320.3,361.31,585.83,322.0,308.48,323.17,374.43,863.17
2018-07-01,642.22,449.03,676.74,515.95,476.05,783.76,328.3,556.94,333.17,619.96,396.59,398.32,625.43,557.47,378.22,362.18,469.41,291.22,341.07,425.31,416.92,298.38,457.96,403.44,378.07,354.42,538.72,385.72,455.67,383.99,296.17,553.63,476.19,327.39,316.89,478.02,282.81,341.35,282.44,242.14,281.53,227.72,267.02,454.09,323.13,361.09,592.56,326.86,313.43,323.62,379.42,868.08
2018-10-01,642.15,452.5,676.99,516.6,482.21,784.75,329.32,558.58,333.94,622.94,395.9,396.36,626.86,558.67,380.78,364.29,467.42,291.76,340.52,425.34,424.27,300.59,458.43,408.07,381.76,355.68,540.76,387.14,461.0,389.77,296.79,555.29,478.49,330.12,317.57,476.94,285.04,342.96,284.82,242.85,281.78,227.39,269.26,458.17,325.6,362.88,592.82,327.45,315.78,323.0,383.41,879.4
2019-01-01,646.23,459.54,682.79,520.68,490.54,793.98,333.24,566.24,338.33,630.34,400.63,398.44,635.62,565.03,386.76,369.67,472.12,295.11,343.51,430.05,432.89,304.63,463.49,413.35,385.94,359.3,545.99,392.55,463.45,392.37,298.55,560.52,483.25,332.97,323.49,481.8,287.38,346.59,287.1,245.97,284.82,228.13,272.34,461.06,327.63,365.12,598.47,331.84,314.98,326.05,385.7,885.25
2019-04-01,652.85,465.49,693.7,528.51,500.45,805.89,339.15,575.19,345.21,632.29,408.15,404.83,648.42,574.4,393.61,377.17,480.16,301.36,348.51,438.25,448.1,310.31,472.54,421.51,393.51,365.83,558.58,400.72,472.88,398.45,302.31,570.91,492.54,339.22,327.84,492.13,290.85,352.06,292.2,247.95,287.62,231.43,275.71,468.54,335.34,370.16,608.89,339.04,323.94,330.0,391.4,890.69
2019-07-01,659.73,473.12,703.85,536.51,508.61,815.24,343.14,580.47,349.42,638.11,412.79,409.37,656.77,581.27,398.1,382.56,485.12,305.89,351.87,444.08,458.17,315.02,477.64,427.85,399.18,370.49,566.1,406.15,479.6,401.47,305.36,577.64,499.67,343.09,332.61,499.55,293.95,357.36,295.74,252.49,289.6,233.91,279.06,473.95,341.19,373.03,616.37,342.12,328.15,332.4,396.27,904.7
2019-10-01,664.01,479.27,711.34,540.18,516.07,822.75,345.7,585.31,351.89,643.71,415.11,411.78,664.22,586.76,403.24,386.37,486.77,308.72,353.54,447.03,468.92,318.35,481.23,435.21,404.14,372.89,573.26,409.92,485.88,404.49,307.3,584.98,505.29,347.72,336.55,500.15,296.55,359.65,297.54,253.97,292.09,236.27,280.21,476.96,343.77,374.89,621.85,344.17,332.66,332.42,401.23,910.89
2020-01-01,670.25,486.56,718.02,544.89,522.9,831.37,349.44,591.67,355.19,643.63,419.12,413.39,675.57,592.46,409.28,392.19,492.09,313.22,355.15,452.76,479.42,321.87,486.35,443.98,410.07,375.94,578.81,415.93,492.74,408.94,309.43,590.08,511.96,351.58,340.35,507.53,298.36,363.7,301.8,257.92,294.89,237.36,284.5,483.15,349.16,376.11,627.61,348.34,335.69,335.76,406.48,918.35
2020-04-01,677.92,492.7,723.79,550.22,532.36,839.89,351.98,598.64,358.94,652.0,422.41,417.74,685.92,600.0,412.74,396.27,496.61,316.11,357.06,456.62,488.45,325.58,491.78,451.7,414.62,378.67,587.86,419.11,493.62,413.86,311.07,597.51,519.81,354.11,345.36,510.17,300.86,367.84,304.58,259.81,297.69,239.94,284.6,486.74,352.97,375.4,634.79,350.91,337.66,339.16,408.24,920.08
2020-07-01,685.86,501.08,735.5,559.75,545.18,854.8,357.24,608.04,366.81,645.22,431.26,426.87,701.49,610.33,420.44,403.85,502.99,323.48,360.83,466.0,507.08,332.55,499.98,462.73,423.49,385.92,600.88,426.4,507.7,419.99,314.0,609.26,531.91,360.74,351.81,521.6,305.39,374.2,311.04,263.41,299.96,244.27,289.07,496.83,360.28,381.13,647.68,355.55,342.26,343.36,413.74,930.96
2020-10-01,699.97,514.54,751.67,571.59,564.15,871.93,365.49,620.49,374.39,655.96,439.03,438.43,720.05,626.94,430.72,412.33,512.28,331.32,365.33,474.24,530.97,340.72,509.25,479.06,433.66,393.69,622.6,434.72,524.25,429.44,318.72,627.46,547.21,367.97,359.33,535.83,312.83,381.8,317.29,268.49,303.7,247.41,294.23,504.48,367.87,385.75,664.46,362.81,349.78,346.68,424.25,951.5
2021-01-01,719.52,531.33,769.55,585.61,587.19,890.89,374.11,637.11,382.29,665.29,445.93,450.07,741.52,647.93,441.63,424.65,523.83,337.43,369.64,485.82,559.46,347.4,519.98,500.47,446.21,399.19,641.2,444.99,541.62,444.63,322.06,644.59,563.51,375.09,366.62,549.56,318.46,388.8,322.89,273.49,307.27,252.0,298.36,520.17,378.23,386.15,681.36,369.17,355.45,350.06,429.73,961.39
2021-04-01,762.27,565.95,796.82,613.68,644.42,938.72,396.28,683.15,403.76,699.67,469.76,473.02,798.02,691.15,467.8,449.2,548.4,354.61,386.39,507.39,618.85,367.69,544.03,540.24,473.93,420.87,681.37,469.63,584.04,473.99,337.57,683.57,597.42,398.54,384.06,575.16,334.89,406.66,341.27,286.09,315.84,258.51,309.31,541.56,393.94,396.66,718.85,390.49,370.19,363.01,458.79,1002.25
2021-07-01,801.88,607.86,837.65,643.58,693.7,987.75,421.23,723.87,424.53,727.43,492.47,499.13,844.66,733.55,499.21,476.46,570.4,372.89,399.86,531.99,669.96,386.14,569.14,585.13,505.96,441.73,730.28,496.34,626.53,510.67,351.99,727.8,633.4,416.17,405.6,612.05,353.1,427.34,356.67,301.22,326.52,271.77,326.32,567.9,416.51,411.64,760.55,410.14,393.0,380.22,484.56,1025.22
2021-10-01,834.41,642.39,856.67,664.61,719.54,1010.37,439.26,744.11,433.96,763.57,501.22,509.52,872.71,753.34,522.02,500.86,583.03,381.91,409.19,543.78,693.8,399.08,583.24,614.82,532.26,451.5,752.91,520.01,656.37,532.73,359.17,748.48,652.92,427.82,422.31,630.66,368.35,441.22,363.4,310.52,334.24,279.31,335.73,588.14,431.21,419.7,779.69,419.0,406.85,385.42,503.06,1036.04
2022-01-01,869.02,678.28,878.38,686.03,754.2,1036.03,459.68,775.74,446.0,801.97,512.48,522.87,911.39,778.02,547.7,525.09,600.22,393.67,420.2,559.2,718.12,411.1,601.91,644.51,559.7,463.49,780.39,544.63,683.84,555.03,366.74,769.21,671.79,443.74,434.57,648.37,378.89,453.35,375.54,321.91,342.91,283.48,345.67,605.0,444.92,426.78,801.37,429.76,416.73,395.31,520.23,1061.5
2022-04-01,924.56,735.99,931.03,732.75,813.35,1106.72,494.26,837.24,475.23,848.41,546.65,556.46,976.42,823.82,593.89,564.24,629.39,420.38,447.17,590.03,771.41,437.5,643.29,695.95,604.15,499.5,836.43,581.74,736.27,594.76,392.11,830.43,720.1,474.26,461.46,695.96,404.68,480.26,400.91,341.09,359.27,297.51,361.2,643.11,467.53,448.15,856.86,463.13,441.81,418.26,556.09,1110.02
2022-07-01,919.15,768.06,951.57,746.71,809.38,1116.76,503.98,829.33,482.34,897.9,545.46,567.91,967.61,818.59,612.79,580.76,631.49,427.78,452.13,600.13,772.5,447.5,650.55,706.66,623.41,510.9,860.5,603.49,749.48,595.11,399.84,838.45,738.59,480.41,475.8,728.46,418.32,490.22,407.56,348.78,363.78,305.08,375.6,646.81,481.7,455.99,872.71,468.15,452.3,422.26,569.3,1096.98
