fips,value
1001,2.14
1003,3.43
1005,1.01
1007,2.15
1009,1.45
1011,1.37
1013,1.37
1015,1.58
1017,2.61
1019,2.61
1021,3.43
1023,1.82
1025,1.19
1027,2.61
1029,3.43
1031,3.43
1033,1.19
1035,1.58
1037,3.43
1039,1.82
1041,1.58
1043,2.15
1045,1.19
1047,1.37
1049,1.58
1051,1.43
1053,1.58
1055,1.82
1057,2.61
1059,1.37
1061,3.43
1063,2.15
1065,2.15
1067,
1069,1.82
1071,1.58
1073,1.37
1075,1.82
1077,2.61
1079,2.61
1081,2.15
1083,2.61
1085,1.01
1087,2.15
1089,1.37
1091,1.82
1093,1.37
1095,1.82
1097,1.58
1099,1.82
1101,1.37
1103,1.58
1105,1.58
1107,2.15
1109,1.19
1111,3.43
1113,3.43
1115,
1117,3.43
1119,1.01
1121,1.37
1123,1.82
1125,1.58
1127,1.58
1129,1.19
1131,3.43
1133,2.15
2013,0.78
2016,0.78
2020,1.82
2050,1.01
2060,0.78
2068,1.01
2070,0.78
2090,1.82
2100,2.61
2110,2.15
2122,3.43
2130,2.15
2150,2.15
2164,0.78
2170,
2180,0.78
2185,0.78
2188,0.78
2201,2.15
2220,2.61
2240,1.19
2261,1.37
2270,0.78
2280,1.01
2282,
2290,1.01
4001,1.01
4003,2.61
4005,2.15
4007,3.43
4009,1.82
4011,0.78
4012,1.82
4013,2.61
4015,
4017,2.15
4019,2.61
4021,
4023,3.43
4025,
4027,2.61
5001,1.01
5003,0.78
5005,1.82
5007,2.15
5009,1.82
5011,1.19
5013,0.78
5015,2.15
5017,1.19
5019,0.78
5021,2.15
5023,2.61
5025,3.43
5027,1.19
5029,2.15
5031,1.58
5033,2.15
5035,2.61
5037,3.43
5039,0.78
5041,1.01
5043,2.61
5045,2.15
5047,2.15
5049,3.43
5051,2.15
5053,
5055,1.82
5057,1.01
5059,2.15
5061,0.78
5063,1.01
5065,2.61
5067,0.78
5069,0.78
5071,1.58
5073,1.19
5075,1.82
5077,1.37
5079,1.82
5081,0.78
5083,1.37
5085,
5087,2.61
5089,2.61
5091,2.15
5093,1.01
5095,1.58
5097,2.61
5099,1.82
5101,
5103,2.15
5105,
5107,1.37
5109,1.58
5111,2.61
5113,1.01
5115,1.37
5117,1.58
5119,1.19
5121,1.82
5123,1.01
5125,
5127,1.58
5129,
5131,1.01
5133,1.37
5135,
5137,2.61
5139,1.01
5141,2.61
5143,1.58
5145,1.82
5147,1.19
5149,1.58
6001,3.43
6003,
6005,3.43
6007,3.43
6009,
6011,2.61
6013,
6015,1.82
6017,
6019,2.61
6021,3.43
6023,3.43
6025,3.43
6027,3.43
6029,3.43
6031,2.61
6033,
6035,2.15
6037,3.43
6039,3.43
6041,
6043,
6045,3.43
6047,
6049,3.43
6051,3.43
6053,3.43
6055,3.43
6057,
6059,3.43
6061,
6063,
6065,
6067,2.61
6069,
6071,
6073,3.43
6075,1.37
6077,
6079,
6081,3.43
6083,
6085,2.15
6087,
6089,3.43
6091,2.61
6093,3.43
6095,
6097,
6099,
6101,
6103,
6105,2.61
6107,3.43
6109,
6111,
6113,2.61
6115,
8001,3.43
8003,2.15
8005,2.61
8007,
8009,0.78
8011,2.15
8013,2.15
8014,2.15
8015,3.43
8017,1.01
8019,
8021,1.01
8023,1.58
8025,1.58
8027,
8029,2.61
8031,1.19
8033,
8035,
8037,3.43
8039,
8041,3.43
8043,3.43
8045,2.61
8047,2.15
8049,3.43
8051,3.43
8055,2.61
8057,2.15
8059,3.43
8061,2.61
8063,1.19
8065,
8067,2.61
8069,3.43
8071,1.37
8073,1.37
8075,2.15
8077,2.61
8079,2.61
8081,1.82
8083,2.15
8085,3.43
8087,2.15
8089,1.58
8091,
8093,
8095,1.82
8097,3.43
8099,1.01
8101,2.61
8103,1.01
8105,1.37
8107,3.43
8109,
8111,
8113,1.82
8115,1.01
8117,3.43
8119,
8121,3.43
8123,3.43
8125,1.82
9001,1.82
9003,1.19
9005,3.43
9007,2.61
9009,1.82
9011,1.82
9013,3.43
9015,3.43
10001,2.61
10003,1.58
10005,3.43
11001,0.78
12001,1.58
12003,3.43
12005,2.61
12007,2.61
12009,3.43
12011,3.43
12013,1.01
12015,
12017,
12019,
12021,
12023,2.15
12027,2.15
12029,1.82
12031,1.82
12033,2.15
12035,
12037,
12039,3.43
12041,
12043,3.43
12045,
12047,1.19
12049,2.61
12051,2.15
12053,
12055,3.43
12057,2.15
12059,3.43
12061,
12063,1.82
12065,
12067,2.15
12069,
12071,
12073,1.58
12075,
12077,1.19
12079,3.43
12081,
12083,3.43
12085,
12086,3.43
12087,
12089,
12091,3.43
12093,2.61
12095,2.15
12097,
12099,3.43
12101,
12103,2.61
12105,2.61
12107,2.15
12109,
12111,
12113,
12115,
12117,3.43
12119,
12121,2.61
12123,1.37
12125,1.82
12127,
12129,
12131,
12133,3.43
13001,1.58
13003,1.01
13005,1.82
13007,2.61
13009,1.37
13011,3.43
13013,
13015,2.15
13017,1.01
13019,3.43
13021,1.19
13023,1.37
13025,
13027,
13029,
13031,2.15
13033,1.37
13035,
13037,1.01
13039,3.43
13043,2.15
13045,2.61
13047,
13049,1.01
13051,1.82
13053,3.43
13055,1.58
13057,
13059,1.19
13061,0.78
13063,1.82
13065,1.01
13067,2.61
13069,1.19
13071,1.58
13073,
13075,2.61
13077,
13079,
13081,2.15
13083,3.43
13085,
13087,2.61
13089,2.15
13091,1.19
13093,2.61
13095,1.01
13097,
13099,1.19
13101,
13103,
13105,1.82
13107,2.15
13109,1.01
13111,
13113,
13115,1.58
13117,
13119,2.61
13121,1.37
13123,
13125,3.43
13127,1.82
13129,2.61
13131,3.43
13133,
13135,2.61
13137,2.61
13139,2.15
13141,1.82
13143,2.15
13145,
13147,2.61
13149,2.61
13151,
13153,2.15
13155,3.43
13157,
13159,
13161,1.58
13163,1.37
13165,3.43
13167,1.82
13169,
13171,
13173,
13175,1.37
13177,
13179,2.61
13181,
13183,
13185,2.15
13187,
13189,1.82
13191,
13193,1.01
13195,
13197,2.15
13199,3.43
13201,1.58
13205,1.58
13207,3.43
13209,2.61
13211,
13213,1.82
13215,1.82
13217,
13219,
13221,
13223,
13225,2.15
13227,
13229,3.43
13231,
13233,2.15
13235,3.43
13237,
13239,3.43
13241,3.43
13243,0.78
13245,1.19
13247,3.43
13249,1.37
13251,2.61
13253,3.43
13255,3.43
13257,2.61
13259,1.19
13261,1.82
13263,
13265,1.37
13267,2.15
13269,0.78
13271,3.43
13273,3.43
13275,1.58
13277,1.58
13279,1.58
13281,3.43
13283,3.43
13285,1.37
13287,2.61
13289,
13291,
13293,3.43
13295,
13297,
13299,1.19
13301,3.43
13303,2.15
13305,1.58
13307,
13309,0.78
13311,
13313,1.19
13315,3.43
13317,2.61
13319,2.15
13321,2.61
15001,3.43
15003,2.61
15007,3.43
15009,3.43
16001,2.15
16003,
16005,1.82
16007,3.43
16009,1.58
16011,1.82
16013,
16015,
16017,3.43
16019,2.15
16021,3.43
16023,0.78
16025,2.15
16027,3.43
16029,1.37
16031,1.37
16033,0.78
16035,2.61
16037,1.37
16039,
16041,3.43
16043,
16045,
16047,1.82
16049,2.15
16051,
16053,1.37
16055,3.43
16057,2.61
16059,1.58
16061,
16063,3.43
16065,1.82
16067,1.82
16069,1.19
16071,2.61
16073,2.15
16075,3.43
16077,2.61
16079,1.82
16081,
16083,1.82
16085,
16087,1.82
17001,1.19
17003,1.37
17005,1.82
17007,3.43
17009,0.78
17011,1.37
17013,
17015,2.61
17017,0.78
17019,1.37
17021,1.58
17023,2.61
17025,0.78
17027,2.15
17029,1.01
17031,1.58
17033,1.19
17035,1.82
17037,2.61
17039,1.58
17041,1.19
17043,1.82
17045,1.19
17047,1.19
17049,1.01
17051,1.82
17053,1.82
17055,1.82
17057,2.15
17059,1.58
17061,2.61
17063,2.15
17065,2.61
17067,1.82
17069,1.58
17071,
17073,3.43
17075,2.15
17077,1.01
17079,1.82
17081,1.01
17083,
17085,2.15
17087,2.61
17089,3.43
17091,1.82
17093,
17095,1.37
17097,2.61
17099,1.37
17101,1.19
17103,1.58
17105,0.78
17107,1.58
17109,0.78
17111,
17113,1.19
17115,1.19
17117,2.61
17119,2.61
17121,1.58
17123,2.61
17125,2.61
17127,0.78
17129,
17131,
17133,
17135,2.15
17137,1.19
17139,1.19
17141,2.61
17143,1.19
17145,1.82
17147,
17149,1.82
17151,3.43
17153,1.58
17155,1.01
17157,1.19
17159,1.82
17161,1.01
17163,2.15
17165,1.19
17167,0.78
17169,1.37
17171,1.37
17173,2.15
17175,1.82
17177,1.01
17179,1.37
17181,1.37
17183,1.37
17185,1.58
17187,1.01
17189,1.37
17191,1.19
17193,1.82
17195,1.82
17197,
17199,1.37
17201,1.58
17203,2.61
18001,1.58
18003,1.58
18005,1.19
18007,
18009,1.37
18011,
18013,
18015,3.43
18017,1.19
18019,1.82
18021,3.43
18023,1.58
18025,3.43
18027,1.58
18029,
18031,1.82
18033,1.58
18035,1.58
18037,1.01
18039,1.01
18041,2.15
18043,2.15
18045,1.58
18047,
18049,2.61
18051,1.01
18053,1.58
18055,2.61
18057,3.43
18059,
18061,2.61
18063,3.43
18065,2.61
18067,1.19
18069,1.82
18071,1.58
18073,2.61
18075,1.01
18077,1.82
18079,1.82
18081,
18083,1.19
18085,1.37
18087,2.15
18089,1.82
18091,1.82
18093,3.43
18095,2.61
18097,1.01
18099,1.37
18101,0.78
18103,2.61
18105,1.58
18107,1.58
18109,
18111,3.43
18113,1.58
18115,2.61
18117,2.15
18119,3.43
18121,
18123,1.37
18125,2.61
18127,2.61
18129,2.15
18131,3.43
18133,2.61
18135,2.61
18137,1.58
18139,
18141,1.37
18143,2.61
18145,2.15
18147,1.37
18149,
18151,2.15
18153,3.43
18155,2.15
18157,1.37
18159,3.43
18161,3.43
18163,1.01
18165,1.37
18167,1.19
18169,2.15
18171,3.43
18173,
18175,3.43
18177,1.37
18179,2.61
18181,3.43
18183,2.61
19001,1.82
19003,3.43
19005,1.19
19007,1.58
19009,1.37
19011,
19013,1.19
19015,2.15
19017,1.58
19019,3.43
19021,1.01
19023,
19025,1.58
19027,1.19
19029,1.82
19031,3.43
19033,1.58
19035,0.78
19037,1.58
19039,1.82
19041,1.01
19043,1.82
19045,1.19
19047,1.19
19049,2.15
19051,3.43
19053,3.43
19055,1.82
19057,1.01
19059,1.82
19061,1.58
19063,1.01
19065,1.82
19067,2.15
19069,2.61
19071,1.58
19073,2.61
19075,2.61
19077,
19079,1.37
19081,1.58
19083,1.82
19085,
19087,1.01
19089,1.37
19091,1.37
19093,1.82
19095,0.78
19097,2.15
19099,2.61
19101,1.37
19103,1.37
19105,2.15
19107,2.15
19109,1.82
19111,1.01
19113,1.19
19115,2.61
19117,0.78
19119,1.82
19121,
19123,1.58
19125,1.37
19127,1.19
19129,
19131,1.01
19133,1.19
19135,0.78
19137,1.37
19139,1.19
19141,1.19
19143,2.15
19145,1.01
19147,1.01
19149,1.37
19151,1.58
19153,1.19
19155,1.58
19157,1.01
19159,1.37
19161,2.61
19163,1.37
19165,1.58
19167,1.01
19169,1.37
19171,3.43
19173,1.37
19175,1.58
19177,1.01
19179,1.01
19181,
19183,2.61
19185,0.78
19187,1.19
19189,1.01
19191,1.01
19193,1.01
19195,1.82
19197,1.01
20001,1.01
20003,2.15
20005,1.01
20007,1.19
20009,0.78
20011,2.15
20013,1.01
20015,3.43
20017,
20019,1.01
20021,1.82
20023,0.78
20025,1.58
20027,1.58
20029,1.58
20031,0.78
20033,1.58
20035,1.19
20037,1.82
20039,1.58
20041,1.58
20043,1.01
20045,2.15
20047,
20049,0.78
20051,1.19
20053,1.19
20055,1.01
20057,1.01
20059,1.58
20061,1.58
20063,0.78
20065,1.01
20067,0.78
20069,0.78
20071,0.78
20073,1.19
20075,0.78
20077,1.01
20079,1.82
20081,0.78
20083,1.82
20085,1.82
20087,3.43
20089,0.78
20091,1.82
20093,1.19
20095,1.58
20097,1.82
20099,0.78
20101,1.01
20103,3.43
20105,0.78
20107,2.61
20109,1.37
20111,1.01
20113,1.37
20115,2.15
20117,0.78
20119,1.58
20121,
20123,0.78
20125,1.19
20127,1.82
20129,0.78
20131,0.78
20133,0.78
20135,2.15
20137,0.78
20139,3.43
20141,0.78
20143,2.15
20145,0.78
20147,0.78
20149,1.82
20151,0.78
20153,0.78
20155,1.19
20157,1.19
20159,1.37
20161,1.19
20163,0.78
20165,1.19
20167,0.78
20169,1.37
20171,1.82
20173,1.19
20175,1.01
20177,1.19
20179,1.19
20181,3.43
20183,0.78
20185,1.82
20187,0.78
20189,2.15
20191,2.61
20193,1.01
20195,1.01
20197,2.15
20199,0.78
20201,2.61
20203,0.78
20205,0.78
20207,0.78
20209,1.01
21001,1.82
21003,3.43
21005,
21007,0.78
21009,1.37
21011,3.43
21013,1.37
21015,1.37
21017,2.15
21019,1.01
21021,1.58
21023,3.43
21025,1.37
21027,
21029,3.43
21031,2.61
21033,1.58
21035,1.01
21037,2.61
21039,1.01
21041,0.78
21043,2.61
21045,2.15
21047,1.19
21049,1.82
21051,1.58
21053,2.15
21055,2.61
21057,1.19
21059,1.19
21061,
21063,3.43
21065,3.43
21067,1.37
21069,3.43
21071,1.58
21073,1.37
21075,0.78
21077,1.82
21079,
21081,
21083,2.15
21085,2.15
21087,
21089,3.43
21091,1.01
21093,1.58
21095,1.37
21097,3.43
21099,2.15
21101,1.19
21103,
21105,1.19
21107,1.01
21109,3.43
21111,1.19
21113,3.43
21115,2.61
21117,1.82
21119,1.01
21121,2.15
21123,2.15
21125,1.82
21127,1.37
21129,1.58
21131,1.37
21133,1.37
21135,1.58
21137,3.43
21139,1.82
21141,2.15
21143,1.82
21145,1.01
21147,1.82
21149,
21151,2.15
21153,1.82
21155,1.19
21157,1.37
21159,1.01
21161,1.19
21163,
21165,
21167,2.15
21169,2.61
21171,1.82
21173,1.82
21175,2.15
21177,1.58
21179,2.61
21181,
21183,1.19
21185,
21187,
21189,1.37
21191,
21193,1.01
21195,1.19
21197,3.43
21199,1.58
21201,
21203,3.43
21205,1.01
21207,2.15
21209,1.37
21211,2.61
21213,1.01
21215,
21217,1.82
21219,
21221,1.58
21223,
21225,1.37
21227,1.37
21229,2.15
21231,1.82
21233,1.19
21235,1.37
21237,3.43
21239,3.43
22001,2.15
22003,1.01
22005,2.61
22007,2.15
22009,2.15
22011,2.15
22013,1.19
22015,2.61
22017,1.19
22019,1.19
22021,2.61
22023,0.78
22025,2.15
22027,1.58
22029,1.58
22031,2.61
22033,1.19
22035,1.01
22037,2.61
22039,2.61
22041,2.61
22043,
22045,0.78
22047,1.19
22049,2.15
22051,1.37
22053,2.15
22055,1.01
22057,1.01
22059,2.15
22061,1.82
22063,
22065,1.37
22067,1.82
22069,1.19
22071,1.01
22073,1.82
22075,1.01
22077,2.61
22079,1.19
22081,1.19
22083,1.82
22085,2.15
22087,1.01
22089,1.19
22091,
22093,1.01
22095,2.15
22097,2.15
22099,3.43
22101,0.78
22103,
22105,2.15
22107,1.58
22109,1.19
22111,3.43
22113,2.15
22115,1.58
22117,1.82
22119,3.43
22121,1.19
22123,2.15
22125,1.01
22127,1.19
23001,1.82
23003,1.19
23005,1.82
23007,2.61
23009,2.15
23011,1.82
23013,1.82
23015,
23017,3.43
23019,1.58
23021,2.15
23023,2.15
23025,1.19
23027,3.43
23029,1.82
23031,3.43
24001,1.58
24003,3.43
24005,2.15
24009,
24011,
24013,
24015,3.43
24017,
24019,2.61
24021,3.43
24023,1.82
24025,
24027,2.61
24029,3.43
24031,3.43
24033,3.43
24035,
24037,2.61
24039,1.58
24041,3.43
24043,2.61
24045,2.15
24047,
24510,0.78
25001,3.43
25003,1.37
25005,2.61
25007,3.43
25009,2.61
25011,2.61
25013,1.58
25015,2.15
25017,1.58
25019,2.15
25021,2.15
25023,
25025,0.78
25027,2.61
26001,
26003,1.58
26005,3.43
26007,2.15
26009,
26011,3.43
26013,0.78
26015,
26017,1.82
26019,
26021,1.82
26023,2.15
26025,1.37
26027,
26029,2.15
26031,
26033,1.58
26035,2.61
26037,
26039,2.61
26041,1.82
26043,1.01
26045,3.43
26047,2.15
26049,2.15
26051,
26053,0.78
26055,2.15
26057,1.82
26059,2.15
26061,1.01
26063,2.61
26065,1.19
26067,2.61
26069,2.15
26071,1.19
26073,1.58
26075,2.61
26077,1.82
26079,3.43
26081,1.58
26083,1.37
26085,2.61
26087,
26089,
26091,3.43
26093,
26095,1.58
26097,1.19
26099,2.61
26101,2.15
26103,1.19
26105,3.43
26107,2.15
26109,1.19
26111,1.58
26113,3.43
26115,3.43
26117,2.61
26119,
26121,1.82
26123,3.43
26125,2.15
26127,2.61
26129,2.61
26131,1.01
26133,1.82
26135,3.43
26137,3.43
26139,2.15
26141,3.43
26143,3.43
26145,1.58
26147,3.43
26149,1.82
26151,
26153,1.58
26155,
26157,
26159,3.43
26161,1.58
26163,1.37
26165,1.37
27001,2.61
27003,
27005,2.61
27007,2.15
27009,1.82
27011,1.01
27013,1.82
27015,1.19
27017,2.61
27019,
27021,
27023,1.37
27025,
27027,3.43
27029,3.43
27031,
27033,1.01
27035,3.43
27037,2.61
27039,
27041,2.15
27043,0.78
27045,2.15
27047,2.15
27049,2.61
27051,1.82
27053,1.19
27055,2.61
27057,3.43
27059,
27061,2.61
27063,1.82
27065,
27067,1.37
27069,1.01
27071,1.58
27073,1.58
27075,2.61
27077,2.15
27079,3.43
27081,1.37
27083,0.78
27085,1.82
27087,1.01
27089,3.43
27091,1.58
27093,3.43
27095,2.61
27097,
27099,1.82
27101,1.82
27103,2.15
27105,1.01
27107,1.82
27109,1.58
27111,2.61
27113,0.78
27115,
27117,1.37
27119,1.82
27121,3.43
27123,1.19
27125,1.58
27127,1.19
27129,1.37
27131,2.61
27133,1.58
27135,1.19
27137,1.58
27139,
27141,
27143,
27145,1.37
27147,1.58
27149,0.78
27151,1.58
27153,3.43
27155,3.43
27157,3.43
27159,1.19
27161,2.61
27163,
27165,1.58
27167,2.61
27169,1.19
27171,
27173,1.19
28001,1.19
28003,1.19
28005,3.43
28007,1.82
28009,3.43
28011,1.01
28013,1.82
28015,3.43
28017,1.01
28019,1.58
28021,0.78
28023,3.43
28025,1.37
28027,1.19
28029,1.37
28031,2.15
28033,
28035,1.37
28037,2.61
28039,2.15
28041,3.43
28043,1.58
28045,1.37
28047,1.58
28049,1.19
28051,1.58
28053,0.78
28055,1.58
28057,2.61
28059,1.82
28061,2.15
28063,2.15
28065,1.01
28067,1.37
28069,1.58
28071,1.37
28073,3.43
28075,1.19
28077,1.58
28079,2.61
28081,1.01
28083,0.78
28085,1.58
28087,1.19
28089,2.61
28091,2.15
28093,2.61
28095,1.82
28097,1.58
28099,1.01
28101,1.82
28103,1.37
28105,1.19
28107,1.58
28109,
28111,1.82
28113,1.37
28115,1.37
28117,1.37
28119,1.82
28121,2.61
28123,1.58
28125,1.82
28127,1.58
28129,3.43
28131,1.58
28133,1.19
28135,1.58
28137,2.61
28139,1.58
28141,1.82
28143,0.78
28145,1.58
28147,3.43
28149,1.19
28151,1.01
28153,2.15
28155,
28157,1.82
28159,1.37
28161,1.58
28163,1.58
29001,1.01
29003,
29005,1.37
29007,1.82
29009,1.37
29011,2.61
29013,
29015,
29017,
29019,1.37
29021,1.01
29023,1.19
29025,3.43
29027,1.58
29029,3.43
29031,1.58
29033,1.82
29035,2.61
29037,
29039,2.61
29041,3.43
29043,
29045,1.37
29047,2.15
29049,
29051,1.01
29053,1.19
29055,1.82
29057,
29059,
29061,
29063,2.61
29065,2.61
29067,3.43
29069,1.19
29071,2.61
29073,1.82
29075,1.19
29077,1.37
29079,1.01
29081,0.78
29083,2.15
29085,
29087,1.82
29089,3.43
29091,2.15
29093,1.37
29095,1.19
29097,1.37
29099,
29101,2.61
29103,1.58
29105,1.82
29107,2.61
29109,3.43
29111,1.58
29113,
29115,1.19
29117,1.19
29119,2.15
29121,1.01
29123,2.61
29125,
29127,1.01
29129,1.82
29131,3.43
29133,1.58
29135,3.43
29137,2.61
29139,2.61
29141,
29143,0.78
29145,1.82
29147,1.01
29149,3.43
29151,2.61
29153,
29155,1.58
29157,1.82
29159,1.19
29161,1.37
29163,1.58
29165,2.15
29167,3.43
29169,2.61
29171,2.15
29173,1.37
29175,1.58
29177,
29179,3.43
29181,
29183,3.43
29185,1.82
29186,1.37
29187,2.15
29189,1.37
29195,2.61
29197,1.01
29199,3.43
29201,1.82
29203,
29205,1.82
29207,1.82
29209,
29211,0.78
29213,1.82
29215,2.15
29217,2.15
29219,
29221,3.43
29223,1.82
29225,
29227,1.37
29229,3.43
29510,0.78
30001,2.61
30003,1.37
30005,1.82
30007,3.43
30009,
30011,1.01
30013,2.15
30015,3.43
30017,1.19
30019,1.19
30021,1.01
30023,2.15
30025,0.78
30027,
30029,3.43
30031,3.43
30033,1.37
30035,1.37
30037,1.37
30039,2.15
30041,1.37
30043,
30045,1.58
30047,
30049,1.37
30051,0.78
30053,3.43
30055,0.78
30057,2.15
30059,2.15
30061,
30063,2.15
30065,
30067,3.43
30069,1.58
30071,1.01
30073,1.19
30075,2.61
30077,1.58
30079,
30081,
30083,0.78
30085,1.19
30087,0.78
30089,3.43
30091,1.01
30093,1.19
30095,2.15
30097,0.78
30099,2.15
30101,1.82
30103,2.61
30105,1.82
30107,1.01
30109,0.78
30111,1.58
31001,1.01
31003,0.78
31005,0.78
31007,2.61
31009,
31011,1.37
31013,1.82
31015,1.01
31017,1.19
31019,1.37
31021,3.43
31023,1.37
31025,
31027,1.58
31029,3.43
31031,3.43
31033,1.01
31035,1.01
31037,1.01
31039,2.61
31041,1.01
31043,1.37
31045,2.61
31047,1.01
31049,1.82
31051,3.43
31053,1.58
31055,1.19
31057,3.43
31059,1.19
31061,2.15
31063,0.78
31065,1.58
31067,1.37
31069,0.78
31071,0.78
31073,
31075,
31077,0.78
31079,1.01
31081,2.61
31083,2.61
31085,
31087,0.78
31089,1.58
31091,2.15
31093,
31095,1.37
31097,1.37
31099,2.15
31101,2.15
31103,1.82
31105,1.58
31107,3.43
31109,1.37
31111,2.15
31113,0.78
31115,1.19
31117,1.01
31119,1.19
31121,2.61
31123,2.61
31125,1.19
31127,0.78
31129,2.61
31131,2.15
31133,1.19
31135,1.82
31137,1.19
31139,1.58
31141,1.01
31143,1.82
31145,2.61
31147,0.78
31149,0.78
31151,1.01
31153,2.61
31155,3.43
31157,1.01
31159,1.82
31161,2.15
31163,
31165,0.78
31167,1.01
31169,0.78
31171,1.19
31173,0.78
31175,0.78
31177,2.15
31179,
31181,
31183,0.78
31185,0.78
32001,3.43
32003,3.43
32005,
32007,1.82
32009,1.82
32011,0.78
32013,1.82
32015,1.19
32017,1.58
32019,
32021,0.78
32023,2.61
32027,1.82
32029,3.43
32031,3.43
32033,0.78
32510,2.15
33001,3.43
33003,2.61
33005,2.15
33007,1.58
33009,1.19
33011,1.82
33013,2.15
33015,3.43
33017,2.61
33019,2.61
34001,1.82
34003,2.15
34005,2.61
34007,2.15
34009,
34011,1.58
34013,1.58
34015,3.43
34017,1.19
34019,
34021,1.19
34023,1.58
34025,3.43
34027,1.82
34029,
34031,2.61
34033,2.15
34035,1.82
34037,
34039,1.82
34041,3.43
35001,1.82
35003,
35005,1.37
35006,1.37
35007,2.61
35009,1.82
35011,1.82
35013,1.82
35015,1.01
35017,1.58
35019,3.43
35021,0.78
35023,1.19
35025,0.78
35027,
35028,1.01
35029,1.37
35031,1.37
35033,2.15
35035,3.43
35037,2.61
35039,3.43
35041,2.15
35043,
35045,1.37
35047,1.82
35049,3.43
35051,2.61
35053,1.37
35055,1.82
35057,3.43
35059,1.01
35061,
36001,1.01
36003,1.58
36005,2.15
36007,1.19
36009,1.19
36011,1.58
36013,1.19
36015,1.19
36017,1.58
36019,1.37
36021,2.61
36023,1.19
36025,1.82
36027,2.61
36029,1.19
36031,1.58
36033,1.37
36035,1.37
36037,1.37
36039,2.61
36041,2.15
36043,2.15
36045,1.37
36047,3.43
36049,2.15
36051,2.61
36053,2.61
36055,1.19
36057,1.58
36059,3.43
36061,0.78
36063,1.82
36065,1.19
36067,1.01
36069,1.82
36071,3.43
36073,2.15
36075,1.82
36077,1.37
36079,
36081,3.43
36083,2.15
36085,
36087,3.43
36089,1.37
36091,3.43
36093,1.58
36095,1.82
36097,2.15
36099,1.58
36101,1.01
36103,3.43
36105,2.15
36107,1.82
36109,1.37
36111,3.43
36113,1.58
36115,2.15
36117,2.15
36119,2.15
36121,1.19
36123,1.82
37001,2.15
37003,3.43
37005,2.15
37007,2.15
37009,2.61
37011,2.15
37013,1.82
37015,1.58
37017,1.37
37019,
37021,2.15
37023,1.82
37025,3.43
37027,2.15
37029,
37031,3.43
37033,
37035,1.58
37037,
37039,2.61
37041,2.15
37043,
37045,1.82
37047,1.58
37049,1.82
37051,2.61
37053,
37055,
37057,3.43
37059,
37061,1.19
37063,0.78
37065,1.37
37067,1.58
37069,
37071,2.61
37073,
37075,2.61
37077,2.15
37079,3.43
37081,1.58
37083,2.61
37085,3.43
37087,3.43
37089,2.61
37091,1.58
37093,
37095,2.61
37097,3.43
37099,2.61
37101,3.43
37103,3.43
37105,1.37
37107,1.58
37109,
37111,2.15
37113,
37115,
37117,1.19
37119,1.37
37121,2.61
37123,1.58
37125,3.43
37127,1.58
37129,2.15
37131,2.61
37133,
37135,2.15
37137,3.43
37139,2.15
37141,
37143,
37145,3.43
37147,1.82
37149,3.43
37151,2.15
37153,1.58
37155,1.37
37157,2.61
37159,1.82
37161,2.61
37163,1.58
37165,2.15
37167,2.15
37169,
37171,1.82
37173,1.01
37175,
37177,2.61
37179,
37181,1.37
37183,2.15
37185,
37187,3.43
37189,2.61
37191,1.58
37193,2.61
37195,1.58
37197,3.43
37199,1.82
38001,1.19
38003,1.01
38005,
38007,0.78
38009,1.37
38011,1.19
38013,1.19
38015,1.19
38017,1.01
38019,1.58
38021,3.43
38023,
38025,1.37
38027,0.78
38029,1.37
38031,1.01
38033,0.78
38035,1.37
38037,
38039,1.19
38041,1.19
38043,1.82
38045,1.01
38047,1.01
38049,1.01
38051,1.82
38053,0.78
38055,1.37
38057,0.78
38059,1.82
38061,3.43
38063,1.19
38065,1.82
38067,0.78
38069,1.01
38071,1.01
38073,2.15
38075,3.43
38077,1.01
38079,0.78
38081,0.78
38083,0.78
38085,0.78
38087,0.78
38089,0.78
38091,1.58
38093,1.01
38095,1.58
38097,1.01
38099,0.78
38101,1.37
38103,0.78
38105,1.01
39001,3.43
39003,1.19
39005,2.61
39007,2.15
39009,2.15
39011,1.37
39013,1.58
39015,
39017,2.15
39019,
39021,3.43
39023,2.15
39025,3.43
39027,1.19
39029,2.61
39031,1.82
39033,1.82
39035,1.19
39037,2.15
39039,1.37
39041,
39043,1.82
39045,
39047,1.58
39049,1.19
39051,1.82
39053,1.19
39055,3.43
39057,1.82
39059,2.15
39061,1.19
39063,1.19
39065,3.43
39067,2.15
39069,1.37
39071,2.61
39073,3.43
39075,1.01
39077,1.82
39079,2.15
39081,1.37
39083,3.43
39085,2.15
39087,
39089,3.43
39091,1.58
39093,2.61
39095,1.58
39097,2.61
39099,1.58
39101,1.82
39103,
39105,
39107,1.82
39109,2.61
39111,1.82
39113,1.37
39115,
39117,
39119,2.15
39121,2.61
39123,3.43
39125,2.61
39127,
39129,3.43
39131,1.82
39133,2.61
39135,3.43
39137,2.15
39139,1.58
39141,1.82
39143,1.82
39145,1.37
39147,1.58
39149,1.01
39151,2.15
39153,1.82
39155,1.82
39157,1.82
39159,1.19
39161,1.58
39163,2.61
39165,3.43
39167,1.58
39169,1.82
39171,1.58
39173,1.58
39175,1.58
40001,3.43
40003,2.61
40005,1.58
40007,1.82
40009,0.78
40011,0.78
40013,1.19
40015,1.58
40017,3.43
40019,1.01
40021,1.58
40023,1.58
40025,0.78
40027,3.43
40029,3.43
40031,1.58
40033,1.37
40035,1.37
40037,2.15
40039,1.01
40041,3.43
40043,1.82
40045,2.15
40047,1.37
40049,1.37
40051,2.61
40053,
40055,1.01
40057,0.78
40059,1.01
40061,1.58
40063,2.61
40065,1.37
40067,1.19
40069,1.37
40071,1.19
40073,1.37
40075,3.43
40077,0.78
40079,1.37
40081,2.15
40083,
40085,1.58
40087,3.43
40089,1.19
40091,3.43
40093,3.43
40095,1.82
40097,1.82
40099,1.58
40101,1.37
40103,1.19
40105,2.61
40107,2.15
40109,1.01
40111,2.61
40113,
40115,1.82
40117,2.61
40119,1.19
40121,1.19
40123,1.01
40125,1.82
40127,1.82
40129,0.78
40131,2.61
40133,1.37
40135,2.61
40137,1.37
40139,1.01
40141,1.01
40143,1.19
40145,
40147,1.58
40149,2.61
40151,1.19
40153,0.78
41001,1.58
41003,1.82
41005,
41007,3.43
41009,
41011,2.61
41013,2.61
41015,3.43
41017,
41019,2.61
41021,1.82
41023,3.43
41025,1.58
41027,3.43
41029,3.43
41031,3.43
41033,
41035,2.15
41037,1.82
41039,2.61
41041,3.43
41043,1.82
41045,1.19
41047,2.15
41049,1.01
41051,1.82
41053,
41055,2.61
41057,
41059,1.37
41061,1.82
41063,2.15
41065,1.58
41067,2.15
41069,1.37
41071,
42001,3.43
42003,1.01
42005,1.37
42007,2.15
42009,1.82
42011,1.82
42013,1.19
42015,1.37
42017,3.43
42019,2.15
42021,1.19
42023,0.78
42025,3.43
42027,1.37
42029,2.15
42031,1.01
42033,1.19
42035,1.58
42037,1.37
42039,1.58
42041,1.58
42043,1.01
42045,2.61
42047,1.01
42049,1.19
42051,1.58
42053,1.01
42055,1.58
42057,1.37
42059,1.01
42061,2.15
42063,1.58
42065,1.19
42067,1.82
42069,1.37
42071,1.58
42073,2.15
42075,2.15
42077,1.58
42079,1.37
42081,1.37
42083,1.01
42085,1.58
42087,1.01
42089,3.43
42091,1.37
42093,0.78
42095,2.61
42097,1.58
42099,
42101,1.01
42103,
42105,2.15
42107,1.58
42109,1.37
42111,1.58
42113,1.58
42115,
42117,1.82
42119,1.37
42121,1.37
42123,1.01
42125,2.15
42127,3.43
42129,1.58
42131,2.15
42133,1.82
44001,
44003,2.61
44005,2.15
44007,1.82
44009,3.43
45001,2.15
45003,1.82
45005,0.78
45007,2.61
45009,1.19
45011,1.82
45013,
45015,
45017,1.58
45019,2.61
45021,1.58
45023,1.58
45025,1.82
45027,2.15
45029,2.61
45031,1.58
45033,1.82
45035,
45037,
45039,1.58
45041,1.37
45043,2.61
45045,1.58
45047,1.58
45049,1.58
45051,3.43
45053,1.01
45055,3.43
45057,3.43
45059,2.61
45061,1.58
45063,2.61
45065,3.43
45067,2.15
45069,1.01
45071,1.82
45073,2.15
45075,1.58
45077,2.15
45079,1.37
45081,2.61
45083,1.58
45085,2.15
45087,1.82
45089,1.19
45091,3.43
46003,3.43
46005,1.01
46007,1.58
46009,2.15
46011,1.01
46013,1.58
46015,2.15
46017,
46019,1.82
46021,1.82
46023,0.78
46025,1.58
46027,1.01
46029,1.19
46031,1.01
46033,2.61
46035,1.19
46037,1.19
46039,1.01
46041,0.78
46043,0.78
46045,
46047,2.61
46049,1.58
46051,1.37
46053,0.78
46055,1.01
46057,1.58
46059,1.82
46061,
46063,
46065,1.37
46067,1.37
46069,0.78
46071,1.19
46073,2.61
46075,0.78
46077,
46079,2.15
46081,1.58
46083,3.43
46085,3.43
46087,3.43
46089,1.19
46091,1.58
46093,
46095,0.78
46097,2.61
46099,1.37
46101,1.58
46103,1.82
46105,3.43
46107,1.19
46109,1.58
46111,1.19
46113,0.78
46115,3.43
46117,3.43
46119,
46121,0.78
46123,1.58
46125,
46127,1.19
46129,1.19
46135,1.58
46137,0.78
47001,1.19
47003,1.58
47005,2.61
47007,
47009,1.58
47011,2.15
47013,2.61
47015,
47017,2.61
47019,
47021,
47023,
47025,2.15
47027,2.61
47029,2.61
47031,1.58
47033,2.61
47035,2.61
47037,1.19
47039,1.37
47041,1.82
47043,
47045,1.19
47047,
47049,2.61
47051,3.43
47053,2.15
47055,2.61
47057,3.43
47059,1.58
47061,3.43
47063,1.58
47065,1.37
47067,3.43
47069,1.37
47071,2.61
47073,3.43
47075,1.82
47077,2.15
47079,3.43
47081,
47083,3.43
47085,1.58
47087,
47089,3.43
47091,2.15
47093,1.82
47095,2.15
47097,1.58
47099,2.61
47101,3.43
47103,3.43
47105,2.61
47107,1.82
47109,1.82
47111,
47113,1.19
47115,3.43
47117,2.15
47119,1.82
47121,
47123,3.43
47125,3.43
47127,3.43
47129,
47131,1.58
47133,3.43
47135,3.43
47137,2.61
47139,3.43
47141,1.37
47143,1.82
47145,1.19
47147,
47149,2.15
47151,2.61
47153,
47155,3.43
47157,1.19
47159,2.61
47161,3.43
47163,1.58
47165,
47167,
47169,3.43
47171,2.15
47173,
47175,
47177,2.15
47179,1.82
47181,2.61
47183,2.15
47185,1.82
47187,3.43
47189,3.43
48001,1.01
48003,1.19
48005,1.19
48007,
48009,1.82
48011,3.43
48013,2.61
48015,1.58
48017,1.19
48019,
48021,
48023,1.37
48025,1.19
48027,2.15
48029,1.37
48031,1.82
48033,2.15
48035,2.15
48037,1.01
48039,2.15
48041,1.19
48043,1.37
48045,0.78
48047,1.01
48049,1.01
48051,1.37
48053,2.61
48055,3.43
48057,0.78
48059,3.43
48061,1.37
48063,1.58
48065,0.78
48067,1.37
48069,1.01
48071,2.61
48073,1.58
48075,0.78
48077,3.43
48079,0.78
48081,3.43
48083,1.01
48085,2.15
48087,0.78
48089,1.37
48091,3.43
48093,2.61
48095,1.58
48097,1.19
48099,2.61
48101,0.78
48103,0.78
48105,0.78
48107,1.37
48109,1.01
48111,1.01
48113,0.78
48115,1.01
48117,0.78
48119,1.01
48121,
48123,1.58
48125,1.01
48127,0.78
48129,1.82
48131,1.01
48133,1.19
48135,0.78
48137,1.82
48139,3.43
48141,1.58
48143,1.37
48145,1.19
48147,2.15
48149,1.01
48151,2.61
48153,1.37
48155,1.19
48157,3.43
48159,2.61
48161,1.37
48163,1.19
48165,1.01
48167,2.61
48169,1.01
48171,2.15
48173,2.61
48175,2.61
48177,1.37
48179,1.01
48181,1.58
48183,1.01
48185,1.82
48187,3.43
48189,1.01
48191,1.82
48193,1.37
48195,0.78
48197,1.82
48199,2.61
48201,1.01
48203,1.19
48205,2.15
48207,0.78
48209,3.43
48211,0.78
48213,2.61
48215,1.58
48217,2.61
48219,1.19
48221,3.43
48223,1.58
48225,1.19
48227,1.01
48229,0.78
48231,1.37
48233,1.01
48235,0.78
48237,1.19
48239,1.58
48241,1.37
48243,1.37
48245,1.01
48247,0.78
48249,0.78
48251,2.61
48253,2.15
48255,1.01
48257,3.43
48259,
48261,0.78
48263,2.61
48265,1.82
48267,0.78
48269,0.78
48271,2.15
48273,1.37
48275,0.78
48277,1.37
48279,2.61
48281,
48283,1.01
48285,2.15
48287,1.58
48289,1.01
48291,1.82
48293,1.19
48295,1.19
48297,1.37
48299,3.43
48303,1.37
48305,1.37
48307,2.61
48309,1.01
48311,1.19
48313,1.58
48315,3.43
48317,2.15
48319,1.01
48321,1.82
48323,1.58
48325,
48327,
48329,1.01
48331,1.37
48333,2.15
48335,0.78
48337,2.61
48339,3.43
48341,0.78
48343,1.19
48345,1.01
48347,1.37
48349,1.19
48351,1.19
48353,1.58
48355,1.19
48357,0.78
48359,1.01
48361,1.82
48363,1.82
48365,1.01
48367,
48369,0.78
48371,1.01
48373,3.43
48375,0.78
48377,1.37
48379,
48381,3.43
48383,0.78
48385,0.78
48387,2.61
48389,0.78
48391,1.82
48393,2.15
48395,1.58
48397,
48399,0.78
48401,1.37
48403,1.01
48405,2.61
48407,
48409,2.61
48411,1.82
48413,3.43
48415,1.01
48417,1.01
48419,1.58
48421,0.78
48423,1.58
48425,1.19
48427,1.82
48429,0.78
48431,0.78
48433,0.78
48435,2.61
48437,0.78
48439,1.58
48441,1.19
48443,0.78
48445,1.19
48447,3.43
48449,1.01
48451,1.37
48453,1.37
48455,3.43
48457,1.82
48459,
48461,0.78
48463,1.82
48465,1.58
48467,3.43
48469,1.37
48471,1.01
48473,1.58
48475,0.78
48477,1.37
48479,1.37
48481,1.19
48483,0.78
48485,1.19
48487,0.78
48489,1.82
48491,3.43
48493,
48495,1.01
48497,1.58
48499,2.61
48501,0.78
48503,1.01
48505,0.78
48507,1.37
49001,1.37
49003,1.58
49005,1.82
49007,1.19
49009,0.78
49011,3.43
49013,1.19
49015,0.78
49017,1.58
49019,1.58
49021,2.61
49023,1.82
49025,1.37
49027,1.82
49029,
49031,0.78
49033,0.78
49035,1.82
49037,1.37
49039,2.61
49041,2.15
49043,
49045,3.43
49047,1.58
49049,3.43
49051,
49053,3.43
49055,2.15
49057,2.15
50001,1.58
50003,1.82
50005,1.58
50007,1.37
50009,3.43
50011,2.15
50013,
50015,2.61
50017,2.61
50019,2.15
50021,1.82
50023,1.82
50025,1.58
50027,2.15
51001,2.15
51003,2.61
51005,1.82
51007,
51009,2.61
51011,3.43
51013,1.19
51015,2.61
51017,1.58
51019,
51021,1.37
51023,3.43
51025,1.58
51027,1.58
51029,2.61
51031,2.61
51033,
51035,2.61
51036,2.61
51037,
51041,3.43
51043,
51045,
51047,
51049,
51051,1.58
51053,2.61
51057,3.43
51059,2.61
51061,
51063,
51065,
51067,
51069,
51071,2.61
51073,
51075,2.15
51077,
51079,
51081,1.82
51083,1.82
51085,3.43
51087,1.58
51089,2.15
51091,1.58
51093,
51095,
51097,
51099,1.82
51101,
51103,2.61
51105,1.19
51107,
51109,
51111,3.43
51113,
51115,
51117,2.15
51119,3.43
51121,1.82
51125,
51127,
51131,2.15
51133,
51135,1.82
51137,
51139,3.43
51141,2.15
51143,3.43
51145,
51147,1.01
51149,2.61
51153,
51155,1.58
51157,
51159,1.58
51161,3.43
51163,3.43
51165,2.15
51167,2.61
51169,2.61
51171,3.43
51173,1.37
51175,3.43
51177,
51179,
51181,0.78
51183,1.58
51185,1.58
51187,
51191,1.82
51193,
51195,1.37
51197,2.15
51199,
51510,1.82
51515,1.01
51520,0.78
51530,1.82
51540,0.78
51550,3.43
51570,1.82
51580,0.78
51590,0.78
51595,0.78
51600,1.58
51610,1.82
51620,1.37
51630,1.19
51640,0.78
51650,2.15
51660,0.78
51670,1.58
51678,1.58
51680,0.78
51683,1.37
51685,
51690,1.01
51700,1.58
51710,1.01
51720,0.78
51730,1.01
51735,
51740,1.82
51750,0.78
51760,0.78
51770,0.78
51775,0.78
51790,2.61
51800,
51810,
51820,1.37
51830,1.37
51840,0.78
53001,1.37
53003,3.43
53005,1.58
53007,2.15
53009,3.43
53011,
53013,0.78
53015,2.61
53017,3.43
53019,2.15
53021,1.82
53023,1.58
53025,1.82
53027,3.43
53029,
53031,
53033,2.15
53035,
53037,
53039,2.15
53041,2.15
53043,
53045,
53047,2.15
53049,
53051,2.15
53053,
53055,
53057,3.43
53059,
53061,
53063,2.15
53065,
53067,3.43
53069,2.61
53071,1.58
53073,3.43
53075,1.19
53077,1.58
54001,2.15
54003,3.43
54005,1.01
54007,1.19
54009,1.37
54011,1.01
54013,1.58
54015,1.19
54017,1.82
54019,1.82
54021,1.01
54023,1.01
54025,2.15
54027,
54029,1.37
54031,1.19
54033,1.37
54035,1.37
54037,
54039,1.01
54041,1.58
54043,2.61
54045,1.37
54047,1.01
54049,1.19
54051,1.01
54053,1.58
54055,1.58
54057,2.61
54059,1.01
54061,1.19
54063,3.43
54065,
54067,1.19
54069,0.78
54071,2.15
54073,0.78
54075,1.58
54077,1.82
54079,1.82
54081,1.58
54083,1.37
54085,1.01
54087,1.58
54089,
54091,3.43
54093,3.43
54095,1.19
54097,1.58
54099,1.19
54101,1.58
54103,1.58
54105,3.43
54107,1.19
54109,1.37
55001,3.43
55003,0.78
55005,1.37
55007,2.61
55009,1.19
55011,1.19
55013,2.61
55015,3.43
55017,1.58
55019,1.37
55021,3.43
55023,1.37
55025,1.37
55027,1.37
55029,3.43
55031,1.82
55033,1.58
55035,1.37
55037,3.43
55039,1.58
55041,1.19
55043,1.58
55045,1.82
55047,1.19
55049,2.15
55051,3.43
55053,0.78
55055,2.15
55057,1.37
55059,3.43
55061,1.37
55063,1.19
55065,3.43
55067,1.19
55069,2.15
55071,1.37
55073,1.19
55075,1.19
55077,
55078,0.78
55079,1.01
55081,1.01
55083,
55085,2.15
55087,1.37
55089,2.61
55091,2.15
55093,
55095,3.43
55097,1.37
55099,1.19
55101,2.15
55103,1.19
55105,1.82
55107,1.82
55109,
55111,1.37
55113,2.61
55115,2.15
55117,1.19
55119,1.19
55121,1.01
55123,1.37
55125,3.43
55127,3.43
55129,
55131,3.43
55133,1.82
55135,1.82
55137,3.43
55139,1.01
55141,0.78
56001,1.82
56003,1.37
56005,1.01
56007,1.01
56009,1.82
56011,2.15
56013,1.37
56015,2.15
56017,1.01
56019,
56021,1.82
56023,1.82
56025,1.19
56027,1.19
56029,1.58
56031,1.82
56033,1.58
56035,1.19
56037,0.78
56039,2.61
56041,1.37
56043,1.19
56045,2.15
