,Annual Change (%),Annual Change (%),Annual Change (%),Annual Change (%),Annual Change (%),Annual Change (%),Annual Change (%),Annual Change (%),Annual Change (%),Annual Change (%),Annual Change (%),Annual Change (%),Annual Change (%),Annual Change (%),Annual Change (%),Annual Change (%),Annual Change (%),Annual Change (%),Annual Change (%),Annual Change (%),Annual Change (%),Annual Change (%),Annual Change (%),Annual Change (%),Annual Change (%),Annual Change (%),Annual Change (%),Annual Change (%),Annual Change (%),Annual Change (%),Annual Change (%),Annual Change (%),Annual Change (%),Annual Change (%),Annual Change (%),Annual Change (%),Annual Change (%),Annual Change (%),Annual Change (%),Annual Change (%),Annual Change (%),Annual Change (%),Annual Change (%),Annual Change (%),Annual Change (%),Annual Change (%),Annual Change (%),HPI Index,HPI Index,HPI Index,HPI Index,HPI Index,HPI Index,HPI Index,HPI Index,HPI Index,HPI Index,HPI Index,HPI Index,HPI Index,HPI Index,HPI Index,HPI Index,HPI Index,HPI Index,HPI Index,HPI Index,HPI Index,HPI Index,HPI Index,HPI Index,HPI Index,HPI Index,HPI Index,HPI Index,HPI Index,HPI Index,HPI Index,HPI Index,HPI Index,HPI Index,HPI Index,HPI Index,HPI Index,HPI Index,HPI Index,HPI Index,HPI Index,HPI Index,HPI Index,HPI Index,HPI Index,HPI Index,HPI Index
Year,1975,1976,1977,1978,1979,1980,1981,1982,1983,1984,1985,1986,1987,1988,1989,1990,1991,1992,1993,1994,1995,1996,1997,1998,1999,2000,2001,2002,2003,2004,2005,2006,2007,2008,2009,2010,2011,2012,2013,2014,2015,2016,2017,2018,2019,2020,2021,1975,1976,1977,1978,1979,1980,1981,1982,1983,1984,1985,1986,1987,1988,1989,1990,1991,1992,1993,1994,1995,1996,1997,1998,1999,2000,2001,2002,2003,2004,2005,2006,2007,2008,2009,2010,2011,2012,2013,2014,2015,2016,2017,2018,2019,2020,2021
State,,,,,,,,,,,,,,,,,,,,,,,,,,,,,,,,,,,,,,,,,,,,,,,,,,,,,,,,,,,,,,,,,,,,,,,,,,,,,,,,,,,,,,,,,,,,,,
Alabama,.,6.70,10.00,8.38,10.73,4.81,4.42,-0.15,5.02,5.32,2.74,4.68,3.60,2.46,1.68,1.71,2.36,2.75,3.27,3.37,4.18,3.31,3.74,3.76,2.51,3.18,4.16,2.14,2.28,3.25,6.62,7.76,4.08,0.81,-2.30,-4.30,-3.41,-1.52,-0.58,1.40,2.20,2.64,3.13,4.37,4.47,3.77,10.38,100.0,106.7,117.37,127.21,140.86,147.64,154.18,153.94,161.67,170.27,174.93,183.11,189.71,194.38,197.65,201.03,205.78,211.44,218.36,225.72,235.15,242.93,252.02,261.49,268.04,276.56,288.07,294.23,300.95,310.72,331.3,356.99,371.57,374.56,365.94,350.19,338.24,333.11,331.18,335.83,343.23,352.3,363.31,379.21,396.15,411.09,453.77
Alaska,.,9.14,8.34,10.28,11.34,-5.93,21.21,24.98,5.87,7.03,-5.47,-3.75,-15.38,6.38,-10.12,0.92,12.92,3.74,1.52,4.11,4.79,3.97,2.90,2.50,3.71,2.13,5.07,4.58,3.31,10.17,12.63,9.94,3.33,-0.27,-1.22,-0.47,0.48,0.18,2.71,2.47,3.17,1.83,1.35,1.34,2.34,2.17,6.68,100.0,109.14,118.25,130.4,145.2,136.59,165.56,206.92,219.07,234.47,221.65,213.35,180.54,192.05,172.61,174.21,196.71,204.06,207.15,215.68,226.0,234.97,241.79,247.84,257.04,262.52,275.83,288.45,298.0,328.31,369.77,406.52,420.06,418.92,413.8,411.86,413.82,414.58,425.82,436.34,450.15,458.39,464.6,470.84,481.86,492.31,525.17
Arizona,.,3.66,8.26,15.26,22.36,11.67,7.99,-4.76,10.27,4.37,3.46,5.38,1.02,-0.90,-0.50,-0.37,2.14,2.17,1.97,4.70,6.60,4.12,4.16,4.46,4.10,6.91,6.11,5.06,4.04,11.45,30.08,17.73,-0.64,-12.06,-18.55,-13.11,-10.15,4.28,11.84,10.09,5.55,7.01,7.38,7.72,6.84,6.48,18.41,100.0,103.66,112.22,129.34,158.26,176.74,190.87,181.79,200.47,209.24,216.48,228.12,230.44,228.37,227.24,226.39,231.23,236.25,240.91,252.24,268.9,279.98,291.62,304.62,317.11,339.02,359.75,377.95,393.21,438.22,570.04,671.11,666.84,586.42,477.62,415.02,372.88,388.84,434.87,478.74,505.33,540.75,580.68,625.48,668.25,711.54,842.5
Arkansas,.,9.98,11.48,8.48,14.99,7.25,4.53,0.09,8.51,2.63,1.50,3.27,0.69,-1.02,0.21,0.90,1.87,2.45,3.91,5.02,5.33,2.87,2.75,2.95,2.20,2.90,4.55,2.66,2.60,5.50,7.04,5.85,2.42,-0.46,-2.02,-2.85,-1.72,-0.12,1.19,1.43,2.29,2.37,3.60,4.00,3.26,2.54,10.85,100.0,109.98,122.6,133.0,152.93,164.02,171.46,171.61,186.22,191.12,193.99,200.32,201.71,199.66,200.08,201.88,205.65,210.68,218.91,229.89,242.16,249.11,255.95,263.49,269.29,277.1,289.72,297.44,305.18,321.95,344.62,364.77,373.61,371.9,364.4,354.03,347.94,347.54,351.67,356.7,364.88,373.54,386.97,402.43,415.55,426.12,472.36
California,.,14.22,21.58,17.54,15.94,15.98,10.14,-3.08,5.77,2.95,5.46,6.03,8.36,16.42,22.10,6.55,-0.40,-1.65,-5.07,-3.09,-2.53,-0.08,2.75,8.10,6.78,13.90,11.76,10.43,9.53,19.42,24.71,10.35,-3.93,-19.31,-15.04,-3.19,-5.66,-0.13,10.42,13.80,5.76,7.80,6.42,6.41,3.30,2.36,12.61,100.0,114.22,138.86,163.22,189.24,219.48,241.74,234.3,247.82,255.12,269.05,285.27,309.1,359.84,439.36,468.12,466.26,458.56,435.31,421.88,411.21,410.87,422.19,456.39,487.32,555.09,620.36,685.09,750.38,896.12,1117.57,1233.28,1184.78,956.03,812.2,786.29,741.79,740.79,817.97,930.87,984.45,1061.27,1129.38,1201.82,1241.46,1270.72,1430.94
Colorado,.,8.73,13.89,17.58,17.08,9.27,7.04,11.84,1.99,0.19,0.30,1.54,-1.07,-2.18,0.89,2.32,3.33,5.64,8.55,9.94,9.02,4.76,5.37,4.77,7.41,13.06,8.13,4.20,0.89,2.96,4.95,3.38,0.80,-1.10,-1.64,-4.09,-3.13,0.74,5.32,9.13,9.42,10.29,8.68,8.14,4.72,2.69,12.87,100.0,108.73,123.83,145.6,170.48,186.27,199.39,223.01,227.44,227.86,228.55,232.06,229.58,224.56,226.57,231.83,239.54,253.03,274.66,301.97,329.2,344.88,363.4,380.73,408.94,462.35,499.95,520.97,525.59,541.16,567.94,587.15,591.85,585.32,575.7,552.14,534.87,538.81,567.47,619.27,677.59,747.34,812.22,878.33,919.76,944.54,1066.08
Connecticut,.,6.17,5.30,17.53,19.37,6.66,8.07,3.83,7.44,12.73,13.39,18.16,21.14,11.47,-1.15,-4.94,-5.56,-1.67,-2.82,-2.02,-0.75,1.13,1.09,4.24,4.88,9.27,7.74,8.44,6.12,11.05,12.37,5.80,0.09,-3.60,-7.15,-4.04,-3.59,-2.96,-0.76,0.02,1.34,0.12,1.14,1.61,2.15,2.92,11.80,100.0,106.17,111.8,131.41,156.86,167.31,180.82,187.74,201.7,227.38,257.83,304.66,369.07,411.41,406.67,386.56,365.05,358.97,348.86,341.82,339.24,343.08,346.83,361.53,379.17,414.3,446.38,484.06,513.68,570.43,641.0,678.21,678.85,654.38,607.59,583.05,562.14,545.48,541.35,541.44,548.7,549.37,555.66,564.6,576.74,593.57,663.63
Delaware,.,4.42,-2.99,7.20,6.21,15.93,8.49,2.45,4.64,9.11,7.34,9.75,11.12,12.35,9.60,2.60,1.32,0.43,-0.33,-1.20,0.04,1.70,1.34,2.62,3.48,6.30,6.94,6.95,6.49,12.86,15.81,8.82,2.67,-2.96,-6.60,-4.72,-5.52,-2.93,0.81,2.37,2.39,1.93,2.05,3.95,3.25,3.28,10.63,100.0,104.42,101.3,108.59,115.33,133.7,145.05,148.6,155.49,169.66,182.12,199.87,222.1,249.54,273.5,280.61,284.32,285.54,284.6,281.19,281.29,286.08,289.92,297.52,307.89,327.27,349.98,374.3,398.6,449.85,520.97,566.9,582.01,564.77,527.5,502.61,474.84,460.93,464.67,475.69,487.05,496.44,506.62,526.62,543.72,561.55,621.23
District of Columbia,.,10.56,12.75,15.52,17.99,7.10,-1.76,-5.81,9.12,6.88,5.40,8.18,11.18,18.23,12.28,3.70,0.32,2.14,-1.49,-0.69,-1.35,2.22,0.08,4.73,7.43,14.48,14.11,12.79,9.47,16.45,22.78,11.55,2.79,-4.94,-5.22,0.10,0.97,3.07,6.78,8.95,5.93,6.54,5.01,4.88,3.76,2.07,6.79,100.0,110.56,124.66,144.02,169.92,181.98,178.77,168.39,183.74,196.39,206.99,223.94,248.98,294.38,330.52,342.73,343.84,351.18,345.94,343.55,338.91,346.44,346.72,363.1,390.1,446.6,509.61,574.8,629.26,732.76,899.69,1003.63,1031.61,980.7,929.55,930.45,939.46,968.32,1033.96,1126.55,1193.4,1271.42,1335.11,1400.25,1452.92,1482.97,1583.64
Florida,.,-1.88,4.35,10.72,12.99,11.87,5.56,-0.09,13.16,2.44,1.18,3.67,2.49,4.30,4.07,1.65,1.48,2.24,1.85,0.95,2.69,2.51,2.94,4.12,3.66,7.72,9.52,9.05,8.23,15.51,24.83,15.70,-2.17,-15.20,-17.69,-9.69,-6.88,-0.96,7.41,10.46,8.77,9.13,8.36,7.87,5.45,5.00,15.19,100.0,98.12,102.39,113.36,128.08,143.29,151.26,151.12,171.01,175.18,177.24,183.74,188.31,196.41,204.42,207.78,210.85,215.57,219.56,221.64,227.6,233.33,240.18,250.06,259.22,279.24,305.84,333.52,360.96,416.94,520.47,602.18,589.14,499.59,411.22,371.38,345.84,342.53,367.9,406.39,442.02,482.38,522.69,563.83,594.59,624.34,719.18
Georgia,.,3.69,3.24,7.59,10.00,10.33,8.60,5.56,2.86,6.21,4.95,5.19,4.40,4.10,2.06,0.26,0.49,1.69,1.81,2.25,3.86,3.92,4.37,4.79,5.45,7.03,6.02,3.62,2.08,4.02,5.29,4.52,2.42,-2.04,-4.98,-8.27,-7.39,-5.00,3.74,7.64,5.69,5.98,5.97,7.34,5.51,3.68,12.45,100.0,103.69,107.05,115.17,126.7,139.79,151.81,160.25,164.84,175.08,183.74,193.27,201.78,210.05,214.39,214.94,216.0,219.64,223.61,228.65,237.49,246.79,257.58,269.93,284.64,304.64,322.97,334.67,341.65,355.37,374.17,391.06,400.53,392.37,372.82,341.98,316.7,300.86,312.1,335.95,355.06,376.29,398.76,428.01,451.59,468.21,526.5
Hawaii,.,-12.86,6.99,11.78,25.88,21.13,-3.67,3.03,7.12,3.42,3.72,3.90,6.73,16.55,23.66,20.88,9.78,0.81,-0.06,-0.22,-1.81,-3.85,-7.73,-0.29,-0.41,3.15,7.36,6.70,9.08,19.72,25.36,14.32,1.99,-3.21,-10.04,-4.11,-1.78,0.83,4.53,7.73,5.48,6.56,3.55,4.48,3.13,-0.17,8.22,100.0,87.14,93.23,104.21,131.19,158.91,153.08,157.71,168.95,174.74,181.23,188.3,200.97,234.23,289.66,350.14,384.38,387.48,387.24,386.38,379.37,364.79,336.58,335.59,334.22,344.76,370.12,394.91,430.77,515.7,646.51,739.11,753.85,729.64,656.36,629.36,618.18,623.32,651.59,701.99,740.45,789.0,816.97,853.59,880.31,878.83,951.04
Idaho,.,7.18,11.73,16.27,9.28,5.14,2.35,1.34,2.78,2.31,1.87,0.94,-0.80,-0.48,4.69,7.07,5.41,5.52,8.56,6.08,6.67,2.51,2.76,2.63,1.94,2.20,4.44,2.62,2.51,6.49,15.08,16.21,5.60,-2.00,-7.35,-10.54,-8.35,0.18,5.09,6.80,5.90,7.09,9.38,11.68,10.65,8.38,20.33,100.0,107.18,119.76,139.25,152.17,159.99,163.76,165.96,170.58,174.52,177.79,179.45,178.01,177.16,185.47,198.57,209.32,220.88,239.79,254.36,271.34,278.15,285.84,293.37,299.05,305.62,319.2,327.56,335.77,357.58,411.5,478.22,504.98,494.88,458.52,410.2,375.95,376.64,395.81,422.74,447.67,479.4,524.36,585.59,647.96,702.27,845.07
Illinois,.,9.86,16.54,17.22,3.25,0.52,3.73,-9.57,11.02,5.32,4.12,5.96,7.72,10.33,7.75,4.67,3.24,2.52,2.73,3.59,4.58,2.94,2.99,2.18,3.56,6.89,5.48,4.90,3.49,7.50,8.99,5.61,1.30,-3.02,-8.24,-6.31,-5.21,-2.77,0.21,3.75,2.88,2.82,2.60,2.33,2.52,0.90,7.67,100.0,109.86,128.03,150.08,154.96,155.76,161.57,146.11,162.21,170.85,177.89,188.49,203.05,224.03,241.4,252.67,260.85,267.42,274.72,284.59,297.63,306.37,315.52,322.39,333.87,356.87,376.43,394.86,408.64,439.31,478.78,505.65,512.21,496.72,455.79,427.01,404.76,393.54,394.38,409.19,420.97,432.84,444.1,454.43,465.87,470.05,506.11
Indiana,.,5.10,11.96,16.16,13.19,5.25,3.83,-4.97,6.34,1.77,3.30,4.58,4.17,5.61,4.62,3.12,3.53,2.93,3.20,3.90,5.41,4.21,4.07,3.42,2.94,3.72,4.20,1.95,1.34,2.35,3.45,1.80,1.11,-0.66,-2.19,-2.45,-1.84,-0.58,1.00,2.39,3.23,3.49,4.49,6.51,5.24,3.78,11.67,100.0,105.1,117.68,136.69,154.72,162.85,169.09,160.68,170.87,173.89,179.62,187.86,195.7,206.69,216.24,223.0,230.88,237.64,245.24,254.8,268.59,279.91,291.31,301.27,310.12,321.66,335.16,341.69,346.29,354.42,366.65,373.23,377.39,374.92,366.71,357.72,351.16,349.11,352.61,361.02,372.67,385.67,402.98,429.2,451.7,468.79,523.49
Iowa,.,13.10,12.00,14.17,9.85,0.86,-2.90,-3.77,6.76,1.14,1.33,1.05,0.74,2.13,5.56,4.80,4.17,3.21,4.91,5.77,6.57,3.85,3.94,4.23,3.88,4.83,4.64,2.79,2.30,4.23,4.74,2.77,1.79,0.42,-0.51,-1.02,-0.58,0.46,1.32,2.36,2.63,3.42,3.82,3.66,3.06,1.61,7.90,100.0,113.1,126.67,144.62,158.86,160.22,155.58,149.71,159.84,161.66,163.82,165.53,166.75,170.31,179.78,188.41,196.28,202.57,212.51,224.78,239.54,248.76,258.57,269.52,279.97,293.49,307.11,315.67,322.92,336.57,352.53,362.3,368.78,370.32,368.42,364.64,362.53,364.18,369.0,377.72,387.66,400.93,416.24,431.49,444.67,451.85,487.54
Kansas,.,7.92,12.00,12.01,10.24,6.82,1.94,2.20,2.82,0.68,0.53,3.14,1.99,0.92,1.41,0.18,0.93,1.90,2.66,5.58,6.44,3.93,4.40,4.08,4.81,5.91,4.75,3.45,1.95,3.95,4.37,3.33,2.18,-0.23,-1.20,-1.13,-1.72,-0.48,0.92,2.80,3.07,3.99,4.40,5.01,3.86,3.74,10.32,100.0,107.92,120.87,135.39,149.26,159.43,162.52,166.1,170.78,171.93,172.84,178.28,181.82,183.5,186.08,186.42,188.17,191.73,196.83,207.81,221.21,229.9,240.0,249.8,261.81,277.29,290.47,300.48,306.33,318.42,332.35,343.42,350.91,350.12,345.92,341.99,336.12,334.49,337.58,347.04,357.7,371.97,388.35,407.79,423.53,439.35,484.71
Kentucky,.,4.04,9.18,15.25,12.32,5.16,2.56,2.14,2.99,2.01,3.20,3.75,4.18,6.13,4.73,2.65,2.77,2.69,3.15,5.28,6.07,3.89,4.33,3.54,4.01,5.01,4.12,2.57,2.39,4.25,5.08,3.26,2.01,0.49,-1.49,-1.36,-1.51,-0.09,0.57,1.72,2.92,3.81,4.75,4.40,3.99,3.44,10.08,100.0,104.04,113.59,130.91,147.04,154.63,158.59,161.98,166.82,170.18,175.62,182.2,189.82,201.46,210.99,216.59,222.59,228.58,235.77,248.21,263.27,273.51,285.35,295.46,307.32,322.7,335.99,344.62,352.86,367.86,386.55,399.14,407.15,409.14,403.03,397.53,391.53,391.18,393.41,400.16,411.86,427.56,447.86,467.59,486.23,502.95,553.66
Louisiana,.,9.91,10.47,16.30,22.39,8.72,10.63,3.27,0.91,0.28,-3.17,-1.26,-4.00,-6.62,0.74,1.37,2.83,3.88,4.40,5.79,5.03,4.47,4.58,4.17,3.88,4.03,4.52,3.24,3.37,5.12,6.48,10.90,4.63,0.17,-1.31,-1.58,-1.20,0.56,1.27,2.63,3.12,3.16,2.46,2.06,2.23,2.12,5.71,100.0,109.91,121.42,141.21,172.83,187.91,207.89,214.69,216.64,217.24,210.35,207.71,199.41,186.2,187.57,190.13,195.52,203.1,212.04,224.32,235.61,246.14,257.41,268.13,278.54,289.77,302.86,312.68,323.21,339.76,361.76,401.19,419.74,420.45,414.96,408.39,403.5,405.75,410.89,421.7,434.85,448.58,459.62,469.09,479.54,489.7,517.67
Maine,.,-1.59,15.86,7.57,10.90,5.73,8.62,0.42,5.98,14.46,10.79,11.79,13.16,13.30,4.59,-2.07,-3.23,-0.88,-1.59,-1.10,0.76,2.55,2.31,3.73,5.51,9.48,8.62,8.38,6.53,11.55,11.12,4.08,0.98,-1.22,-5.50,-3.94,-1.92,-2.32,0.75,1.76,2.49,3.55,5.08,5.76,4.73,4.65,14.16,100.0,98.41,114.02,122.65,136.03,143.82,156.22,156.88,166.27,190.3,210.84,235.7,266.71,302.18,316.06,309.51,299.5,296.86,292.13,288.93,291.13,298.57,305.48,316.87,334.32,366.02,397.57,430.89,459.01,512.04,568.99,592.22,597.99,590.71,558.21,536.21,525.94,513.73,517.59,526.67,539.81,558.96,587.35,621.16,650.51,680.77,777.13
Maryland,.,8.78,6.37,13.28,13.14,9.51,7.93,-3.14,6.72,6.01,5.17,6.60,9.41,14.73,10.14,3.86,1.54,1.22,0.12,0.01,0.52,1.48,0.85,2.13,3.04,6.75,7.72,9.66,7.65,16.69,21.56,12.33,1.84,-5.98,-10.93,-5.27,-4.02,-1.70,1.61,3.33,2.23,2.61,2.89,2.89,2.83,2.55,9.44,100.0,108.78,115.71,131.07,148.29,162.4,175.28,169.78,181.19,192.09,202.02,215.35,235.61,270.32,297.74,309.22,313.99,317.81,318.18,318.21,319.87,324.62,327.38,334.35,344.51,367.78,396.17,434.42,467.66,545.74,663.4,745.18,758.86,713.45,635.5,601.98,577.76,567.94,577.11,596.35,609.62,625.54,643.61,662.2,680.92,698.26,764.2
Massachusetts,.,6.12,3.23,11.36,13.68,12.58,17.18,5.26,6.74,21.73,20.13,17.69,12.06,6.33,0.49,-4.17,-5.90,-1.61,-0.88,0.52,2.28,3.25,4.44,5.96,8.56,16.54,11.01,10.55,7.55,10.35,9.78,1.00,-3.21,-4.80,-5.84,-2.38,-2.32,-1.22,1.87,5.25,3.58,4.91,5.64,5.38,4.07,3.10,10.83,100.0,106.12,109.55,122.0,138.68,156.13,182.95,192.56,205.54,250.19,300.55,353.71,396.37,421.44,423.5,405.84,381.91,375.76,372.44,374.39,382.93,395.39,412.94,437.56,475.03,553.61,614.59,679.45,730.72,806.38,885.21,894.08,865.38,823.83,775.68,757.25,739.68,730.68,744.37,783.45,811.48,851.29,899.35,947.71,986.32,1016.92,1127.02
Michigan,.,2.90,9.64,15.90,18.74,6.37,4.08,-12.27,4.79,0.88,4.21,7.49,8.76,8.69,6.84,4.83,3.27,2.35,1.86,4.56,7.97,6.57,7.80,4.85,5.90,7.99,5.02,3.12,1.96,3.16,3.30,-1.25,-4.41,-6.94,-8.13,-7.80,-3.83,-0.65,5.57,8.00,4.86,5.29,6.72,6.35,4.84,2.99,11.37,100.0,102.9,112.81,130.75,155.25,165.14,171.87,150.78,158.01,159.4,166.1,178.55,194.18,211.06,225.49,236.38,244.11,249.86,254.5,266.09,287.3,306.18,330.06,346.08,366.51,395.79,415.65,428.64,437.05,450.88,465.78,459.94,439.65,409.13,375.86,346.55,333.3,331.14,349.58,377.54,395.89,416.81,444.81,473.07,495.96,510.77,568.85
Minnesota,.,8.82,11.47,17.49,14.50,10.24,1.81,-12.65,21.62,2.49,2.27,3.08,4.34,3.86,3.31,1.28,2.46,2.08,2.84,3.40,5.96,4.14,4.98,4.64,7.32,11.96,9.03,7.73,4.59,8.55,8.12,2.73,-0.78,-4.42,-6.14,-6.06,-5.34,-1.48,3.99,5.71,3.31,4.62,5.83,5.66,4.05,2.55,9.55,100.0,108.82,121.31,142.53,163.2,179.91,183.16,159.99,194.57,199.42,203.95,210.24,219.37,227.83,235.37,238.39,244.25,249.32,256.41,265.13,280.94,292.57,307.15,321.39,344.91,386.15,421.01,453.55,474.36,514.91,556.73,571.92,567.48,542.43,509.14,478.27,452.74,446.03,463.85,490.34,506.56,529.96,560.85,592.58,616.58,632.32,692.73
Mississippi,.,3.89,4.18,14.36,12.37,0.61,3.48,5.90,2.85,2.11,5.71,1.21,-0.27,-0.98,0.82,0.92,1.31,2.74,2.25,5.01,4.87,3.34,3.80,4.09,4.34,3.52,4.20,1.98,1.86,3.52,5.43,8.68,4.43,-0.24,-2.84,-3.61,-2.07,-0.71,-0.26,1.69,2.45,2.57,2.11,2.99,3.10,2.36,8.37,100.0,103.89,108.23,123.77,139.07,139.92,144.79,153.33,157.7,161.02,170.21,172.26,171.79,170.1,171.49,173.07,175.33,180.14,184.2,193.42,202.84,209.62,217.59,226.48,236.31,244.64,254.9,259.96,264.8,274.13,289.0,314.09,327.99,327.2,317.89,306.41,300.07,297.92,297.14,302.17,309.56,317.51,324.22,333.92,344.27,352.4,381.9
Missouri,.,5.80,9.43,15.12,11.05,5.93,-1.43,0.24,5.60,6.41,5.78,4.77,5.13,3.45,2.23,0.45,1.03,1.53,1.39,3.66,5.63,3.70,4.10,3.20,4.32,6.41,5.51,4.46,2.75,5.73,6.43,4.07,1.50,-1.61,-3.31,-3.55,-3.15,-1.17,0.35,2.57,3.38,4.11,4.50,5.03,4.61,3.48,10.98,100.0,105.8,115.78,133.28,148.01,156.78,154.54,154.9,163.58,174.07,184.13,192.9,202.79,209.8,214.47,215.44,217.65,220.98,224.04,232.25,245.33,254.4,264.82,273.3,285.12,303.39,320.11,334.39,343.6,363.28,386.65,402.38,408.41,401.83,388.52,374.74,362.94,358.69,359.95,369.21,381.68,397.36,415.23,436.13,456.24,472.12,523.94
Montana,.,10.66,15.40,20.91,10.55,4.91,-0.27,5.80,-1.98,12.23,-0.58,-2.74,-4.28,1.28,2.73,4.12,6.30,7.49,9.36,8.85,7.80,4.19,3.11,2.42,2.48,4.44,4.63,4.81,4.59,8.92,12.54,11.23,6.48,1.38,-2.75,-4.75,-3.02,0.89,3.44,4.77,3.54,3.42,5.41,5.86,4.87,4.29,15.46,100.0,110.66,127.7,154.4,170.69,179.08,178.59,188.95,185.2,207.86,206.66,201.0,192.39,194.85,200.18,208.43,221.56,238.16,260.44,283.49,305.6,318.42,328.32,336.26,344.61,359.92,376.59,394.69,412.83,449.66,506.03,562.88,599.37,607.64,590.91,562.86,545.85,550.72,569.65,596.82,617.96,639.11,673.66,713.12,747.87,779.99,900.57
Nebraska,.,7.83,10.79,11.77,12.01,7.57,0.72,6.13,1.58,1.96,0.60,1.52,0.30,1.20,3.08,3.74,3.00,3.55,4.54,5.91,6.83,4.70,5.43,3.70,4.00,4.21,3.64,2.60,1.73,4.44,4.48,1.92,1.09,-0.51,-0.74,-0.91,-0.48,0.62,2.35,3.80,3.91,4.19,5.76,5.16,5.09,2.88,10.45,100.0,107.83,119.47,133.53,149.57,160.9,162.06,171.99,174.71,178.13,179.2,181.93,182.48,184.66,190.34,197.46,203.37,210.59,220.16,233.17,249.1,260.81,274.97,285.14,296.55,309.02,320.27,328.61,334.31,349.16,364.82,371.83,375.89,373.97,371.2,367.84,366.08,368.37,377.01,391.33,406.63,423.69,448.1,471.24,495.22,509.47,562.7
Nevada,.,10.64,14.19,20.18,18.77,5.70,12.03,5.26,-2.16,-0.16,1.22,3.67,1.14,2.46,4.93,7.47,5.61,3.13,1.88,1.45,4.12,2.38,2.54,2.29,1.37,3.66,6.39,6.27,6.20,26.53,24.28,8.79,-3.17,-18.58,-23.21,-14.22,-12.05,-1.07,15.05,17.51,9.71,9.35,9.45,12.84,6.41,3.16,15.79,100.0,110.64,126.33,151.82,180.32,190.59,213.52,224.76,219.9,219.55,222.23,230.38,233.01,238.74,250.51,269.24,284.35,293.24,298.76,303.1,315.59,323.09,331.3,338.88,343.51,356.09,378.83,402.58,427.56,540.98,672.34,731.43,708.26,576.67,442.85,379.88,334.09,330.52,380.26,446.85,490.23,536.09,586.73,662.06,704.51,726.79,841.53
New Hampshire,.,2.31,11.06,7.53,20.30,6.72,5.03,6.55,4.95,15.52,16.82,18.52,12.76,4.86,0.37,-6.46,-8.45,-3.60,-1.15,-0.33,1.43,3.00,3.52,5.97,7.72,14.91,11.22,10.80,7.06,11.00,10.64,2.92,-1.69,-3.90,-7.46,-4.30,-3.21,-2.42,0.73,3.91,3.56,3.92,5.53,6.05,5.06,4.91,14.03,100.0,102.31,113.63,122.18,146.99,156.87,164.75,175.54,184.24,212.82,248.62,294.67,332.26,348.39,349.69,327.12,299.48,288.7,285.37,284.42,288.49,297.14,307.6,325.96,351.14,403.47,448.75,497.21,532.29,590.83,653.68,672.8,661.42,635.63,588.23,562.96,544.91,531.74,535.61,556.55,576.37,598.96,632.09,670.33,704.23,738.83,842.52
New Jersey,.,2.95,5.06,10.80,18.07,13.12,7.23,3.10,5.54,14.56,13.30,17.83,17.51,10.77,0.43,-3.35,-3.88,0.66,0.81,0.23,0.19,1.77,1.73,3.47,4.65,10.43,9.32,10.58,7.71,13.98,15.94,8.55,-0.16,-4.55,-8.21,-3.83,-4.19,-3.49,0.38,2.88,2.28,2.36,2.25,3.28,3.27,3.16,10.71,100.0,102.95,108.16,119.84,141.49,160.06,171.64,176.96,186.76,213.96,242.42,285.65,335.68,371.85,373.44,360.92,346.92,349.2,352.03,352.82,353.49,359.77,365.99,378.68,396.31,437.63,478.4,529.04,569.83,649.48,753.03,817.39,816.12,779.0,715.02,687.61,658.84,635.81,638.23,656.62,671.59,687.45,702.94,725.97,749.73,773.42,856.28
New Mexico,.,9.55,15.00,9.85,14.95,9.84,12.86,5.57,5.02,0.35,1.58,3.13,-0.20,-1.77,1.85,1.03,3.15,4.25,5.79,8.76,7.79,2.06,1.99,1.37,1.14,1.83,3.57,3.16,3.58,6.75,12.00,12.90,5.58,-1.01,-4.97,-4.20,-4.28,-2.79,0.98,1.20,1.68,2.78,3.30,3.79,4.78,4.62,11.24,100.0,109.55,125.98,138.39,159.08,174.74,197.22,208.21,218.67,219.43,222.9,229.88,229.43,225.37,229.53,231.9,239.19,249.36,263.78,286.9,309.25,315.61,321.88,326.3,330.03,336.08,348.08,359.08,371.92,397.03,444.67,502.02,530.04,524.68,498.59,477.64,457.17,444.39,448.75,454.12,461.76,474.61,490.27,508.86,533.2,557.82,620.5
New York,.,-4.35,9.85,2.94,13.32,14.98,4.78,10.68,7.17,13.77,15.44,14.76,13.28,8.90,1.35,-0.79,-1.32,1.17,-0.15,-1.76,-0.19,1.57,1.09,4.14,5.29,11.00,7.98,8.54,7.87,11.44,13.15,6.38,0.43,-2.41,-5.56,-2.95,-2.32,-2.34,0.76,2.54,2.83,3.27,4.75,5.42,3.72,3.25,9.21,100.0,95.65,105.07,108.16,122.57,140.92,147.66,163.42,175.14,199.26,230.03,263.99,299.04,325.64,330.05,327.43,323.1,326.86,326.37,320.62,320.0,325.03,328.57,342.17,360.27,399.92,431.82,468.72,505.62,563.45,637.52,678.19,681.1,664.71,627.76,609.23,595.09,581.18,585.62,600.48,617.47,637.65,667.93,704.12,730.34,754.04,823.52
North Carolina,.,4.65,7.96,10.70,10.14,8.59,6.56,2.26,3.69,8.05,6.80,4.54,4.69,4.98,2.93,1.92,1.56,1.77,1.75,3.94,5.67,3.97,4.66,3.64,3.47,4.59,4.11,2.27,1.45,3.21,6.25,7.03,4.85,1.09,-2.94,-5.31,-3.74,-2.51,0.85,2.56,3.78,4.57,5.37,6.29,5.21,3.68,12.48,100.0,104.65,112.97,125.06,137.75,149.58,159.4,163.0,169.01,182.61,195.02,203.88,213.43,224.05,230.61,235.04,238.72,242.93,247.19,256.92,271.49,282.28,295.44,306.21,316.83,331.36,344.98,352.81,357.94,369.43,392.52,420.12,440.49,445.27,432.2,409.25,393.96,384.07,387.33,397.25,412.27,431.12,454.29,482.85,508.03,526.73,592.45
North Dakota,.,12.20,11.57,10.09,12.86,4.09,4.82,-15.90,20.05,4.03,-0.99,-0.65,-0.64,-2.14,2.29,1.02,2.60,2.48,4.71,5.13,5.55,3.72,2.78,3.81,1.81,2.98,3.97,3.96,3.47,6.52,8.17,6.33,4.49,2.51,1.03,1.33,3.21,5.28,8.42,7.75,4.45,2.35,1.16,1.35,2.24,0.99,4.80,100.0,112.2,125.18,137.82,155.54,161.9,169.71,142.73,171.34,178.25,176.48,175.33,174.21,170.49,174.39,176.17,180.75,185.24,193.96,203.91,215.22,223.23,229.43,238.17,242.48,249.72,259.62,269.9,279.27,297.49,321.8,342.16,357.52,366.5,370.29,375.2,387.24,407.67,442.01,476.28,497.49,509.18,515.11,522.07,533.75,539.02,564.9
Ohio,.,7.41,10.49,13.45,12.14,4.03,1.60,-5.41,7.95,2.22,2.06,3.64,5.32,7.41,5.13,4.19,3.52,3.16,3.23,4.07,5.25,4.26,4.31,3.55,3.47,4.63,4.23,2.33,1.65,3.11,3.47,0.66,-1.17,-2.41,-3.12,-3.43,-3.65,-1.65,0.27,3.33,3.46,3.88,4.91,5.72,4.72,4.10,10.97,100.0,107.41,118.68,134.64,151.0,157.08,159.6,150.95,162.95,166.57,170.0,176.19,185.57,199.32,209.55,218.34,226.01,233.15,240.68,250.49,263.64,274.86,286.7,296.89,307.2,321.41,335.01,342.82,348.48,359.3,371.76,374.23,369.86,360.96,349.7,337.72,325.37,320.02,320.89,331.58,343.05,356.35,373.83,395.2,413.84,430.79,478.06
Oklahoma,.,10.93,9.49,21.51,15.51,10.75,9.04,9.74,3.46,-3.17,-3.67,-2.83,-7.15,-8.76,2.89,1.19,3.21,2.77,3.60,3.72,3.67,3.69,3.04,4.11,3.72,4.61,4.92,3.33,2.86,3.89,4.93,4.57,3.88,1.74,-0.15,-0.64,-1.62,0.91,1.67,3.17,3.55,2.39,3.39,2.92,3.68,3.59,9.80,100.0,110.93,121.47,147.6,170.48,188.8,205.88,225.93,233.75,226.35,218.04,211.87,196.73,179.5,184.69,186.89,192.9,198.25,205.4,213.05,220.87,229.02,235.98,245.68,254.81,266.57,279.69,289.01,297.28,308.86,324.09,338.9,352.04,358.18,357.66,355.38,349.61,352.77,358.66,370.02,383.15,392.29,405.6,417.43,432.78,448.33,492.28
Oregon,.,11.04,19.66,18.73,13.96,5.43,-4.40,2.72,1.30,-1.81,-0.99,0.23,0.59,4.24,9.13,13.63,8.79,6.10,7.01,8.45,10.75,6.28,6.55,3.63,2.43,3.78,4.55,3.57,2.96,8.77,16.46,16.06,5.38,-2.71,-9.74,-8.10,-6.81,-1.50,6.15,9.55,7.78,10.85,7.99,6.27,4.30,3.25,13.57,100.0,111.04,132.88,157.77,179.8,189.57,181.23,186.16,188.58,185.18,183.34,183.76,184.85,192.68,210.26,238.92,259.92,275.77,295.1,320.04,354.45,376.72,401.4,415.97,426.09,442.18,462.28,478.81,492.96,536.21,624.44,724.72,763.7,743.03,670.62,616.27,574.29,565.68,600.47,657.83,708.98,785.87,848.65,901.87,940.63,971.21,1103.0
Pennsylvania,.,5.49,5.61,8.04,11.84,4.78,4.03,1.37,5.45,6.15,5.85,7.72,11.97,15.12,6.22,2.13,1.43,1.63,0.96,0.24,1.00,1.66,1.39,2.73,2.50,4.59,5.85,5.50,4.55,9.35,11.39,7.60,2.46,-0.76,-3.28,-2.52,-2.39,-1.73,0.78,1.96,2.19,2.50,3.52,4.34,3.83,3.34,9.78,100.0,105.49,111.41,120.36,134.61,141.04,146.72,148.73,156.84,166.48,176.23,189.83,212.56,244.71,259.92,265.47,269.25,273.63,276.25,276.92,279.68,284.31,288.25,296.11,303.52,317.46,336.05,354.54,370.68,405.34,451.51,485.82,497.79,494.0,477.79,465.75,454.6,446.75,450.22,459.02,469.07,480.8,497.71,519.3,539.21,557.24,611.76
Rhode Island,.,3.78,7.79,13.34,10.85,9.25,6.39,1.41,7.57,7.90,10.98,18.66,25.87,15.64,4.12,-1.46,-3.81,-2.20,-0.95,-1.62,-0.35,0.84,0.71,3.06,3.90,11.85,10.97,14.16,10.91,18.14,14.19,3.99,-2.40,-7.15,-9.53,-4.45,-4.63,-3.69,-0.15,3.08,4.44,4.76,5.91,6.26,4.43,4.38,13.32,100.0,103.78,111.87,126.79,140.54,153.54,163.35,165.66,178.2,192.28,213.39,253.2,318.69,368.53,383.72,378.13,363.74,355.72,352.35,346.65,345.44,348.33,350.8,361.53,375.64,420.15,466.24,532.27,590.35,697.43,796.42,828.2,808.36,750.54,679.04,648.85,618.8,595.99,595.07,613.41,640.64,671.12,710.79,755.3,788.78,823.32,933.02
South Carolina,.,5.48,4.46,10.24,10.36,9.93,9.68,3.79,2.37,3.29,3.62,3.26,3.78,4.36,3.81,2.91,2.29,2.02,1.63,2.25,3.77,3.92,4.34,4.33,4.59,5.32,4.97,2.70,1.93,4.02,7.16,7.34,4.05,0.54,-2.91,-5.42,-3.96,-2.02,0.58,2.93,4.41,4.69,5.39,5.91,4.88,3.26,11.25,100.0,105.48,110.19,121.47,134.06,147.37,161.64,167.75,171.74,177.4,183.82,189.82,197.0,205.58,213.41,219.61,224.65,229.18,232.92,238.15,247.14,256.82,267.96,279.57,292.41,307.97,323.28,332.0,338.39,351.98,377.19,404.86,421.27,423.55,411.21,388.92,373.5,365.95,368.09,378.86,395.56,414.13,436.45,462.24,484.81,500.6,556.93
South Dakota,.,3.34,10.17,12.80,11.65,5.01,-3.03,12.36,-6.52,13.40,-0.95,3.10,1.79,-1.74,3.22,4.34,4.24,4.88,6.47,6.16,5.08,3.46,4.20,3.06,3.21,4.85,4.13,3.40,2.42,5.28,6.78,4.74,3.54,2.17,-0.07,-1.24,-0.15,1.10,3.06,3.34,3.46,4.49,4.89,4.63,4.21,2.90,10.84,100.0,103.34,113.85,128.42,143.38,150.57,146.01,164.06,153.37,173.93,172.27,177.61,180.79,177.65,183.38,191.34,199.45,209.19,222.72,236.44,248.47,257.06,267.86,276.07,284.93,298.74,311.08,321.66,329.45,346.84,370.35,387.89,401.62,410.33,410.06,404.99,404.4,408.83,421.36,435.42,450.48,470.68,493.68,516.55,538.29,553.91,613.98
Tennessee,.,2.78,9.23,11.71,8.42,7.73,3.91,-0.44,8.76,2.67,7.00,5.39,5.63,3.25,1.39,0.48,0.90,2.23,2.62,4.49,6.19,4.58,4.59,3.96,3.12,3.36,3.73,2.25,1.74,3.59,6.37,7.08,4.03,0.15,-2.44,-3.50,-2.65,-1.03,1.53,4.14,4.28,5.54,6.95,6.91,5.43,4.01,13.50,100.0,102.78,112.26,125.4,135.96,146.46,152.19,151.52,164.79,169.19,181.03,190.79,201.53,208.08,210.99,211.99,213.9,218.68,224.4,234.48,248.99,260.41,272.37,283.16,291.98,301.8,313.07,320.12,325.69,337.39,358.86,384.27,399.75,400.37,390.62,376.93,366.95,363.17,368.74,384.0,400.43,422.62,451.98,483.22,509.45,529.85,601.36
Texas,.,8.12,12.41,13.85,16.04,11.24,8.05,7.87,4.29,1.46,-0.54,0.86,-5.82,-6.17,0.94,1.36,2.01,2.89,2.20,1.98,1.55,2.28,2.12,4.20,4.75,6.81,5.77,3.07,1.99,2.17,4.37,5.72,4.69,1.39,-0.42,-1.41,-1.35,0.88,4.11,7.54,6.64,6.90,6.99,5.92,4.48,2.91,12.13,100.0,108.12,121.53,138.37,160.57,178.62,193.01,208.2,217.12,220.29,219.09,220.97,208.11,195.26,197.1,199.78,203.8,209.69,214.31,218.55,221.94,227.0,231.8,241.53,253.01,270.24,285.83,294.59,300.46,306.97,320.4,338.72,354.6,359.52,358.0,352.97,348.2,351.26,365.69,393.28,419.39,448.32,479.66,508.04,530.81,546.27,612.54
Utah,.,11.39,14.27,17.37,14.99,4.73,8.41,3.24,0.55,0.24,2.24,1.02,-1.76,-3.01,2.18,3.27,5.42,5.03,10.74,13.22,13.85,6.84,6.51,3.70,1.36,1.57,3.33,0.81,0.37,2.72,9.74,15.65,11.55,-0.57,-8.54,-7.47,-5.40,0.89,6.47,6.81,4.70,7.46,8.77,8.95,7.38,5.27,18.21,100.0,111.39,127.29,149.4,171.8,179.94,195.06,201.37,202.48,202.97,207.51,209.63,205.93,199.74,204.08,210.75,222.19,233.35,258.42,292.59,333.12,355.91,379.08,393.1,398.46,404.73,418.21,421.61,423.19,434.7,477.02,551.66,615.39,611.89,559.62,517.82,489.86,494.2,526.18,562.01,588.43,632.34,687.83,749.38,804.67,847.05,1001.31
Vermont,.,4.69,6.44,15.81,3.29,11.56,3.74,1.74,3.94,9.28,7.23,8.65,12.17,15.69,8.25,0.88,-1.82,-0.08,0.17,0.27,0.79,0.98,0.76,1.91,4.02,8.54,6.48,5.97,5.25,12.59,13.85,7.80,2.12,-0.13,-3.10,-1.80,-1.07,-0.63,-0.35,0.32,1.54,1.12,2.52,3.31,3.57,3.50,11.99,100.0,104.69,111.42,129.04,133.29,148.69,154.26,156.94,163.13,178.26,191.14,207.67,232.93,269.47,291.7,294.28,288.93,288.71,289.21,289.98,292.27,295.13,297.37,303.03,315.21,342.13,364.31,386.05,406.33,457.5,520.88,561.5,573.43,572.67,554.91,544.9,539.08,535.67,533.8,535.5,543.76,549.85,563.71,582.39,603.2,624.31,699.17
Virginia,.,3.52,8.39,11.39,9.59,11.01,4.77,0.69,9.89,4.64,5.24,4.72,8.22,13.96,8.14,0.98,-0.49,0.94,0.23,0.77,1.45,1.80,2.05,2.12,4.43,8.23,8.04,7.71,5.65,13.60,18.95,10.37,1.94,-4.54,-6.57,-4.26,-2.85,-1.16,1.30,3.08,2.43,2.29,3.19,3.67,3.83,3.27,9.44,100.0,103.52,112.2,124.98,136.96,152.04,159.29,160.39,176.26,184.43,194.1,203.26,219.96,250.66,271.06,273.71,272.37,274.93,275.57,277.7,281.73,286.79,292.68,298.9,312.14,337.84,364.99,393.12,415.34,471.81,561.23,619.44,631.45,602.76,563.16,539.16,523.79,517.73,524.49,540.64,553.77,566.44,584.49,605.92,629.12,649.68,710.99
Washington,.,11.72,15.98,20.89,14.99,9.51,3.58,-9.20,10.96,2.89,2.05,2.17,2.80,5.93,15.12,18.68,6.46,2.89,3.41,4.06,4.13,2.59,4.28,5.52,4.54,6.34,5.25,3.70,2.67,8.86,16.28,15.24,6.65,-1.82,-9.51,-7.74,-6.47,-2.44,4.80,8.06,7.14,10.63,10.08,9.08,5.64,4.90,14.19,100.0,111.72,129.58,156.65,180.13,197.27,204.33,185.53,205.86,211.8,216.14,220.84,227.03,240.5,276.85,328.56,349.8,359.91,372.2,387.33,403.33,413.76,431.45,455.26,475.95,506.1,532.66,552.39,567.14,617.36,717.87,827.29,882.32,866.22,783.83,723.19,676.38,659.84,691.55,747.31,800.7,885.81,975.07,1063.6,1123.61,1178.65,1345.91
West Virginia,.,1.16,26.36,2.64,6.71,13.79,-1.09,-20.06,18.65,-0.50,-1.50,3.58,0.92,0.90,3.22,2.21,3.54,3.05,4.31,5.23,4.23,3.42,3.29,3.42,1.97,2.48,3.83,2.32,2.04,5.30,9.19,5.18,1.84,-0.54,-3.02,-1.83,-1.56,-0.70,1.37,2.57,1.76,1.96,0.93,2.52,2.09,2.36,7.87,100.0,101.16,127.82,131.19,139.98,159.28,157.55,125.95,149.44,148.69,146.46,151.71,153.11,154.48,159.46,162.99,168.76,173.91,181.41,190.89,198.96,205.77,212.53,219.8,224.13,229.7,238.5,244.03,249.01,262.21,286.32,301.16,306.7,305.05,295.84,290.41,285.87,283.88,287.78,295.18,300.37,306.25,309.1,316.9,323.51,331.14,357.19
Wisconsin,.,3.55,14.95,15.94,11.23,4.23,-2.18,-2.04,8.90,0.95,2.25,2.34,1.61,6.15,5.95,4.89,4.27,3.95,4.50,6.88,7.84,3.64,4.57,2.88,4.54,6.41,5.15,3.86,3.27,7.41,8.18,3.50,1.09,-1.24,-3.80,-4.16,-3.23,-1.73,-0.18,1.69,2.78,4.00,5.06,5.49,4.69,2.50,9.81,100.0,103.55,119.03,137.99,153.49,159.98,156.5,153.3,166.95,168.53,172.32,176.35,179.18,190.2,201.53,211.38,220.4,229.1,239.41,255.87,275.94,286.0,299.07,307.69,321.65,342.26,359.9,373.8,386.03,414.62,448.55,464.25,469.3,463.48,445.87,427.34,413.54,406.41,405.66,412.53,424.01,440.97,463.3,488.72,511.67,524.45,575.88
Wyoming,.,16.46,14.60,14.94,22.60,5.96,13.31,1.42,-7.52,-6.00,-3.47,-0.28,-8.58,-8.23,4.64,6.44,5.91,5.42,7.34,8.38,9.00,3.92,3.27,2.98,2.36,4.90,5.64,5.51,4.91,8.70,11.50,12.16,9.14,2.06,-2.41,-3.54,-1.57,1.02,2.23,3.43,3.09,1.91,1.53,3.52,4.36,3.72,9.36,100.0,116.46,133.46,153.4,188.06,199.27,225.8,229.02,211.79,199.08,192.18,191.64,175.21,160.79,168.25,179.1,189.69,199.97,214.64,232.61,253.56,263.49,272.11,280.22,286.84,300.9,317.86,335.37,351.84,382.47,426.44,478.29,522.02,532.79,519.94,501.53,493.65,498.68,509.81,527.32,543.64,554.0,562.49,582.27,607.64,630.24,689.26
